id,card,reports,age,income,share,expenditure,owner,selfemp,dependents,months,majorcards,active,fecha
0,yes,0,37.66667,,0.03326991,124.9833,yes,no,3.0,54,1,12,16/11-2010
1,yes,0,33.25,2.42,0.005216942,9.854167,no,no,3.0,34,1,13,19/1-2010
2,yes,0,33.66667,4.5,0.0041555559999999,15.0,yes,no,,58,1,5,24/6-2012
3,yes,0,30.5,2.54,0.06521378,137.8692,no,no,0.0,25,1,7,12/11-2011
4,yes,0,32.16667,9.7867,0.06705059,546.5033,yes,no,2.0,64,1,5,8/11-2010
5,yes,0,23.25,2.5,0.0444384,91.99667,no,no,0.0,54,1,1,20/9-2010
6,yes,0,27.91667,3.96,0.01257576,40.83333,no,no,2.0,7,1,5,22/6-2012
7,yes,0,29.16667,2.37,0.07643376,150.79,yes,no,,77,1,3,9/6-2011
8,yes,0,37.0,3.8,0.2456279,777.8217,yes,no,0.0,97,1,6,18/12-2010
9,yes,0,28.41667,,0.01978,52.58,no,no,0.0,65,1,18,9/9-2010
10,yes,0,30.5,3.95,0.07802456,256.6642,yes,no,1.0,24,1,20,4/11-2011
11,no,0,42.0,,0.0006060605999999,0.0,yes,no,2.0,36,1,0,17/8-2011
12,no,0,30.0,,0.0006936416,0.0,yes,no,,42,0,12,1/3-2010
13,yes,0,28.83333,2.45,,78.87416999999999,yes,no,0.0,26,1,3,26/11-2011
14,yes,0,35.33333,,0.02690671,42.615,yes,no,2.0,120,0,5,4/10-2011
15,yes,0,41.16667,,0.1258194,335.435,yes,no,1.0,168,1,22,12/7-2011
16,yes,0,40.08333,4.0,0.07481575,248.7192,yes,no,2.0,96,1,0,13/8-2010
17,no,7,29.5,3.0,0.0004,0.0,yes,no,2.0,60,1,8,11/7-2012
18,yes,0,39.5,9.9999,0.06579486,548.035,yes,yes,0.0,28,1,0,4/9-2012
19,no,3,45.75,3.4,0.0003529412,0.0,no,no,0.0,28,1,10,2/3-2011
20,yes,0,35.25,,0.02238596,43.33917,yes,no,,115,1,1,22/7-2012
21,no,1,25.16667,1.875,0.00064,0.0,no,no,2.0,7,0,2,8/12-2012
22,yes,0,34.25,,0.1311119999999999,218.52,yes,no,0.0,12,1,0,12/1-2010
23,yes,1,35.75,,0.05119225,170.6408,no,no,2.0,18,1,22,9/7-2011
24,yes,0,42.66667,5.14,0.008949417,37.58333,yes,no,2.0,13,1,17,3/12-2010
25,yes,0,30.25,4.506,0.1337421,502.2017,no,no,2.0,38,1,7,8/6-2010
26,no,0,21.66667,3.84,0.0003125,0.0,no,yes,,12,0,1,1/12-2010
27,yes,0,22.25,1.5,0.058608,73.17667,no,no,0.0,64,1,6,23/5-2012
28,no,0,34.25,2.5,0.0004799999999999,0.0,yes,no,1.0,12,1,0,22/6-2012
29,yes,0,40.0,5.5,0.3344595999999999,1532.773,yes,no,4.0,74,1,19,22/10-2012
30,yes,0,21.83333,2.0272,0.02532014,42.69083,no,no,0.0,9,0,5,18/9-2011
31,yes,1,29.41667,3.2,0.1567194,417.835,no,no,0.0,14,1,6,8/5-2012
32,no,1,24.91667,3.15,0.0003809523999999,0.0,yes,no,1.0,40,1,5,18/8-2012
33,yes,0,21.0,2.4663,,552.7242,yes,no,,12,1,10,27/12-2010
34,yes,0,23.83333,3.0,,222.5392,no,no,0.0,12,1,5,22/10-2010
35,yes,0,42.83333,,0.1834562,541.2958,yes,no,6.0,108,1,15,20/2-2012
36,no,0,42.58333,,0.000525279,0.0,no,no,2.0,46,1,0,1/10-2012
37,yes,0,36.58333,5.7,0.1197418999999999,568.7742,yes,no,1.0,36,1,16,6/6-2010
38,yes,0,26.75,3.5,0.1181043,344.4708,no,no,,2,1,14,12/3-2011
39,yes,0,27.75,,,405.3517,yes,no,4.0,28,1,13,15/2-2010
40,yes,0,26.25,,0.124375,310.9375,yes,no,0.0,7,1,10,22/8-2011
41,yes,0,23.33333,,0.02505764,53.645,no,no,0.0,8,1,1,10/6-2011
42,yes,0,29.91667,1.51,0.05125828,63.91667,no,no,1.0,7,0,1,19/9-2010
43,yes,0,30.0,,0.1075816,165.855,no,no,0.0,60,1,12,9/4-2010
44,yes,0,38.33333,2.6,,9.583333,no,no,,12,1,1,1/9-2011
45,no,0,28.16667,1.8,,0.0,no,yes,2.0,26,1,2,4/5-2011
46,yes,0,35.58333,2.0,0.192044,319.49,no,no,0.0,156,1,4,16/1-2010
47,no,0,37.75,3.2628,0.0003677823,0.0,no,no,1.0,98,0,1,4/5-2011
48,yes,0,26.08333,2.35,0.04285106,83.08334,no,no,1.0,30,0,2,7/8-2011
49,yes,0,27.75,7.0,,644.8283,yes,no,0.0,0,1,13,22/11-2010
50,no,0,49.75,3.6,0.0003333333,0.0,no,no,2.0,12,0,0,20/1-2012
51,yes,0,24.25,2.0,0.0559685,93.1975,no,no,0.0,18,1,12,19/11-2010
52,yes,0,20.66667,1.7,,105.045,no,no,0.0,6,1,4,23/9-2012
53,yes,0,23.75,,0.014875,34.125,no,no,2.0,48,1,8,6/1-2011
54,yes,0,25.75,2.4,0.02071958,41.18917,no,no,0.0,34,1,2,10/6-2011
55,yes,1,32.91667,,0.068022,169.8883,no,no,0.0,216,0,5,9/6-2012
56,yes,0,34.33333,4.8,0.4745082999999999,1898.033,no,no,,12,1,1,25/6-2011
57,yes,0,33.25,3.18,0.3058082,810.3917,no,no,4.0,18,0,3,5/6-2011
58,no,0,44.66667,,0.0006666667,0.0,no,no,2.0,33,0,0,15/12-2010
59,yes,0,21.16667,,0.02655333,32.775,no,no,0.0,20,1,4,27/1-2010
60,yes,2,25.08333,3.0,0.0384529999999999,95.79916,no,no,,8,0,4,23/2-2011
61,yes,0,27.16667,,0.01492807,27.78,no,no,3.0,36,1,5,17/9-2010
62,yes,0,26.41667,2.8,0.0921725,215.0692,no,no,1.0,12,1,16,11/1-2010
63,yes,0,22.0,,0.03544926,79.51083,no,no,0.0,3,1,0,3/7-2012
64,no,3,27.33333,4.9,0.000244898,0.0,yes,no,2.0,16,1,15,6/2-2011
65,no,0,26.16667,2.5,0.0004799999999999,0.0,no,yes,,18,0,0,26/11-2012
66,yes,0,40.75,6.0,0.06123966,306.0317,no,yes,2.0,182,1,16,28/2-2012
67,yes,0,42.08333,3.9,0.03221615,104.5358,no,no,0.0,78,1,2,12/9-2012
68,no,0,21.66667,,0.0002352941,0.0,no,no,0.0,25,1,0,5/1-2012
69,yes,0,24.66667,3.074,0.2508032,642.4742,no,no,0.0,4,1,0,17/5-2011
70,yes,0,30.75,2.4585,0.1503596,308.0492,yes,no,2.0,53,1,16,8/5-2011
71,yes,0,27.41667,2.0,,186.3533,no,no,,9,1,5,13/10-2012
72,yes,0,33.0,3.248,0.02089871,56.14917,no,no,2.0,144,0,2,10/2-2011
73,yes,0,37.33333,2.725,0.05719193,129.3733,no,no,2.0,13,1,14,18/6-2011
74,yes,0,26.58333,2.2,0.05078546,93.10667,no,no,0.0,144,1,10,17/10-2012
75,no,1,24.33333,4.1,0.0002926829,0.0,no,no,,5,0,4,19/6-2012
76,yes,0,24.25,3.75,0.09367893,292.6633,no,no,0.0,18,1,11,15/5-2012
77,yes,0,25.25,2.88,0.04106146,98.46416,no,no,0.0,7,1,0,12/4-2010
78,yes,0,0.5,3.05,0.1017243,258.5492,no,no,1.0,94,1,5,27/12-2010
79,yes,0,32.83333,,0.04792941,101.6833,no,no,,6,1,18,19/6-2011
80,no,0,32.75,,0.0003,0.0,no,no,2.0,25,1,0,28/12-2011
81,yes,1,54.58333,,0.02984697,65.24667,yes,no,,78,1,19,21/1-2012
82,yes,0,19.58333,,0.07904787,108.6075,no,no,,37,1,8,18/3-2012
83,yes,0,29.33333,2.4,0.02494458,49.55583,no,no,0.0,30,1,4,11/1-2010
84,no,3,40.16667,3.7099,0.0003234589,0.0,no,no,2.0,15,1,11,5/11-2010
85,yes,0,40.75,7.24,,235.5717,yes,no,2.0,177,1,13,23/2-2011
86,no,0,41.25,4.386,0.0002735978,0.0,yes,no,3.0,172,1,9,12/4-2010
87,no,0,34.5,3.3,0.0003636364,0.0,yes,no,2.0,33,0,18,22/3-2010
88,no,0,23.66667,2.3040000000000003,0.0005208334,0.0,no,no,1.0,12,1,0,15/12-2010
89,no,1,53.66667,,0.0002870813,0.0,no,no,1.0,288,1,2,16/10-2012
90,no,2,34.0,2.4875,0.0004824120999999,0.0,no,no,,87,1,3,20/7-2011
91,no,0,44.91667,,0.0004277313,0.0,yes,no,5.0,4,1,0,12/9-2011
92,yes,0,43.41667,2.4,0.03435875,68.38417,no,no,0.0,12,1,0,12/2-2010
93,no,4,35.16667,1.5,0.0008,0.0,no,no,1.0,7,1,9,11/11-2010
94,no,2,35.83333,8.4,0.0001428570999999,0.0,no,no,2.0,69,1,12,21/11-2012
95,yes,0,21.66667,1.56,0.0007692308,0.0,no,no,,12,1,2,4/10-2012
96,yes,1,32.66667,6.0,0.09483,474.15,yes,no,,48,1,6,23/12-2012
97,yes,1,25.41667,3.6,,234.0483,no,no,2.0,12,1,4,15/4-2010
98,yes,0,26.25,5.0,0.1082892,451.205,yes,no,,5,1,16,8/5-2010
99,yes,0,46.0,5.5,0.05487727,251.5208,yes,no,,161,1,7,14/1-2011
100,yes,1,35.0,,0.1101058999999999,917.54,yes,no,0.0,72,1,29,8/2-2012
101,no,0,35.0,4.55,0.0002637363,0.0,yes,no,,36,1,15,10/2-2011
102,no,0,20.91667,2.9,0.0004137930999999,0.0,no,no,0.0,36,1,3,25/10-2012
103,yes,0,25.16667,1.8,0.09848222,147.7233,no,no,,1,0,9,5/11-2011
104,yes,0,31.25,4.2,0.04768381,166.7267,yes,no,0.0,53,1,0,14/1-2011
105,yes,0,23.16667,3.92,0.2269911,741.5042,no,no,0.0,16,1,0,23/12-2011
106,yes,0,23.0,,0.03514566,106.1692,no,no,1.0,51,0,6,10/9-2011
107,yes,0,24.83333,2.48,0.1313552,271.4675,no,no,0.0,18,1,0,17/6-2010
108,yes,0,40.91667,9.9999,,635.0508,yes,no,3.0,120,1,17,7/10-2012
109,yes,0,43.66667,10.0393,,182.825,yes,no,,12,1,18,2/10-2012
110,yes,0,23.08333,2.95,0.03642203,89.37083,yes,no,0.0,12,1,17,7/8-2011
111,yes,0,41.91667,5.0,0.24272,1011.333,no,no,1.0,36,1,5,28/12-2011
112,yes,0,28.16667,2.4,0.1137675,227.3683,no,no,0.0,1,1,29,28/3-2010
113,yes,0,45.58333,13.5,0.01031111,115.4167,yes,no,2.0,126,1,9,6/12-2011
114,no,3,25.91667,4.0,0.0003,0.0,no,no,0.0,36,0,5,26/3-2010
115,yes,1,37.33333,3.9,0.0916836,297.9717,no,no,0.0,51,1,4,23/9-2011
116,yes,1,37.66667,2.0,0.0608075,101.2625,yes,no,3.0,42,1,3,14/2-2012
117,yes,0,30.25,2.15,0.03192233,56.69416999999999,no,no,0.0,12,1,4,20/8-2011
118,yes,0,21.25,3.0,,77.35667,no,no,2.0,18,0,2,11/11-2010
119,yes,0,40.08333,4.3,0.03419023,122.515,no,no,,108,1,4,2/9-2010
120,no,4,23.41667,9.9999,0.0001200012,0.0,no,no,2.0,27,1,5,28/12-2011
121,yes,0,21.83333,2.5,0.0067932,13.4025,no,no,0.0,32,1,3,4/11-2010
122,yes,0,22.16667,,0.05111367,127.5342,no,no,0.0,120,1,11,18/11-2012
123,yes,0,40.83333,2.6,,8.333333,yes,no,0.0,52,1,3,10/2-2010
124,yes,1,18.66667,1.66,,78.42834,yes,no,,51,1,2,8/12-2011
125,yes,0,34.33333,4.5,0.0032,11.16667,yes,yes,4.0,30,1,6,10/8-2012
126,yes,0,25.08333,5.0,0.0316508,131.8783,no,no,0.0,38,1,16,5/5-2010
127,yes,0,20.08333,,,277.9892,no,no,0.0,8,1,11,9/2-2010
128,yes,0,24.75,1.875,0.08070774,126.0225,no,no,1.0,14,0,1,20/12-2010
129,yes,0,41.91667,,0.095609,238.8558,yes,no,3.0,120,0,0,17/10-2010
130,no,5,31.08333,4.2,0.0002857143,0.0,no,no,3.0,52,0,19,1/6-2012
131,no,0,53.33333,,0.000244898,0.0,yes,yes,0.0,108,0,1,5/8-2012
132,yes,0,24.25,2.13,0.02122066,37.08333,no,no,1.0,13,1,4,8/9-2010
133,no,1,25.41667,1.7,0.0007058823,0.0,no,no,2.0,8,0,11,9/3-2012
134,yes,0,21.83333,1.68,0.1119048,156.5833,no,no,0.0,18,0,2,23/4-2011
135,no,0,20.58333,2.64,0.0004545455,0.0,no,no,3.0,7,1,1,25/2-2010
136,yes,0,18.41667,1.968,0.006455285,9.753333,no,no,0.0,114,0,2,4/5-2010
137,yes,0,22.0,,0.03947758,108.3967,no,no,,6,1,8,22/9-2010
138,yes,0,21.41667,,0.2052491,271.5533,no,no,0.0,180,1,16,4/6-2011
139,yes,0,42.0,3.6,,53.30167,no,yes,0.0,41,0,14,26/3-2010
140,yes,0,36.41667,3.0,0.1130587,282.5633,no,no,2.0,16,1,6,2/1-2011
141,yes,0,41.5,3.8,0.08315605,263.3275,no,no,0.0,67,1,4,22/3-2012
142,yes,0,26.5,3.36,,6.5175,no,no,0.0,12,1,4,6/6-2010
143,no,2,33.16667,2.3204,0.0005171522,0.0,no,no,0.0,62,0,3,8/3-2010
144,yes,0,43.08333,,0.006685513,43.03917,yes,no,0.0,60,0,2,1/7-2011
145,yes,0,30.33333,,0.0356228,73.7975,yes,yes,3.0,30,1,9,25/2-2010
146,yes,0,25.08333,1.5,,15.416670000000002,no,no,1.0,12,1,7,7/4-2012
147,yes,0,35.66667,3.5822,,313.3525,yes,no,1.0,84,1,10,15/12-2010
148,yes,1,44.5,4.0,0.01795825,59.19416999999999,yes,no,0.0,36,1,13,15/7-2011
149,yes,3,43.25,,0.03142812,175.9975,yes,no,3.0,30,1,27,12/5-2010
150,yes,2,50.0,4.3,0.03620279,129.3933,yes,yes,1.0,264,1,15,24/6-2012
151,yes,0,31.75,3.5,0.01055514,30.36917,yes,no,1.0,36,1,5,15/5-2012
152,no,1,43.25,,0.0003037975,0.0,yes,no,2.0,27,1,4,8/1-2011
153,no,5,27.16667,4.0,0.0003,0.0,yes,no,0.0,37,1,7,20/12-2010
154,yes,0,24.91667,2.4,0.23063,461.26,no,no,,164,0,1,6/2-2012
155,yes,0,49.66667,2.7,0.08877037,199.7333,yes,no,,120,0,3,16/4-2011
156,yes,0,28.33333,6.6,0.007129848,38.71416,no,no,,55,1,7,6/1-2011
157,yes,0,26.5,2.7,0.04111704,92.26334,no,no,0.0,18,1,0,7/7-2010
158,yes,0,29.41667,4.1,0.04264756,145.3792,no,no,0.0,13,1,0,13/5-2011
159,yes,0,71.83334,7.701,0.06251058,400.9117,yes,no,,24,1,9,21/12-2011
160,yes,0,24.5,,0.05955571,138.7133,no,no,0.0,5,1,0,11/11-2010
161,yes,0,25.08333,3.12,0.04245641,110.3033,no,no,2.0,3,1,6,22/10-2010
162,yes,0,24.91667,2.3,0.02855478,54.64666999999999,no,no,,30,1,2,21/10-2012
163,yes,0,30.08333,3.67,0.001798365,4.5833330000000005,yes,no,0.0,57,1,3,9/8-2010
164,no,0,32.58333,6.5,0.0001846154,0.0,yes,no,0.0,50,1,6,4/12-2011
165,yes,0,23.08333,2.56,,320.5167,no,no,1.0,11,1,2,3/12-2011
166,yes,0,48.91667,3.5,0.067888,197.9233,yes,no,0.0,48,1,9,19/5-2010
167,yes,0,25.33333,3.24,,68.87083,no,no,,30,1,19,13/6-2010
168,yes,0,25.33333,3.48,0.05121034,148.26,yes,no,,14,1,5,8/3-2012
169,yes,0,24.91667,2.938,0.02812798,68.53333,no,no,0.0,14,1,0,7/1-2011
170,no,1,29.16667,,0.0004848484999999,0.0,no,no,,12,0,5,16/11-2012
171,no,5,28.58333,,,0.0,no,no,0.0,13,0,7,11/11-2012
172,no,0,32.33333,2.5,0.0004799999999999,0.0,no,no,1.0,60,1,0,6/5-2011
173,yes,0,26.5,3.0,0.04865566,121.5558,yes,no,,12,1,4,15/8-2011
174,yes,0,34.33333,6.0,0.017262,86.22667,yes,no,1.0,48,1,5,12/3-2012
175,yes,0,28.41667,,0.04854384,105.095,yes,no,0.0,27,1,6,22/5-2010
176,yes,0,23.58333,3.9,0.01830487,58.99083,no,no,,14,1,7,15/2-2011
177,no,1,30.83333,2.5,0.0004799999999999,0.0,no,no,0.0,18,1,6,11/7-2012
178,no,1,34.66667,3.3,0.0003636364,0.0,no,no,3.0,48,0,3,8/6-2012
179,yes,0,31.5,,,123.8917,no,no,1.0,12,1,2,2/12-2011
180,yes,1,36.16667,7.8,0.01210897,78.54166,yes,no,1.0,24,1,18,24/11-2010
181,no,3,32.41667,2.06,0.0005825243,0.0,no,no,0.0,48,1,8,9/11-2010
182,yes,0,31.25,5.6965,,38.0625,yes,yes,,84,0,26,22/2-2011
183,yes,0,28.08333,2.16,0.02572685,46.14167,no,no,2.0,7,1,0,6/8-2011
184,no,3,41.58333,4.6,0.0002608696,0.0,no,no,0.0,57,1,3,20/4-2011
185,yes,0,21.75,3.5,,265.0142,no,no,,42,1,9,23/6-2011
186,yes,0,30.25,,0.03532235,74.72667,yes,no,1.0,11,1,0,4/6-2011
187,yes,0,43.5,1.7472,0.07401385,107.7642,yes,no,0.0,18,0,2,9/8-2011
188,yes,0,29.58333,,0.004564103,6.5,yes,no,2.0,96,1,2,7/3-2010
189,yes,0,33.75,,0.0501734,209.0558,yes,no,,10,1,10,19/1-2010
190,yes,0,24.16667,2.8896,0.08017754,193.0675,no,no,0.0,12,0,0,24/4-2012
191,yes,0,25.41667,2.7,0.06417074,144.3842,yes,no,1.0,17,1,8,17/6-2010
192,yes,0,24.25,4.0,0.1076916999999999,358.9725,no,no,,7,1,10,25/9-2012
193,yes,0,24.08333,2.3,,59.1475,no,no,0.0,12,1,0,8/4-2012
194,yes,0,32.0,2.4,,0.0,no,no,1.0,11,1,8,22/5-2012
195,no,0,46.16667,2.6,0.0004615385,0.0,no,no,,61,1,8,14/2-2011
196,yes,0,21.91667,2.4,0.2326392,465.195,yes,no,1.0,168,1,4,1/12-2011
197,yes,0,36.25,2.52,,142.2425,no,no,2.0,53,0,3,10/7-2011
198,yes,0,23.83333,1.56,0.3860019,501.8025,no,no,,33,0,1,11/11-2011
199,yes,0,49.41667,2.4,0.04437958,88.5925,no,yes,0.0,14,1,6,16/8-2010
200,yes,0,26.08333,2.0,0.1700255,282.8758,no,no,0.0,2,1,2,19/3-2012
201,yes,1,29.16667,,0.1680208999999999,361.1617,no,no,0.0,6,1,12,19/4-2010
202,yes,0,33.0,3.15,,150.1767,no,yes,0.0,128,0,3,6/2-2010
203,yes,0,29.33333,2.3,0.04004043,76.24416,no,no,2.0,24,0,5,26/6-2012
204,yes,0,47.58333,,0.01516022,58.245830000000005,no,no,2.0,25,1,11,18/6-2011
205,yes,0,21.58333,3.12,0.03396795,88.23333000000001,no,no,0.0,56,1,3,1/2-2011
206,yes,0,30.41667,2.0,0.0048,7.0833330000000005,yes,no,3.0,45,1,14,5/12-2011
207,no,6,62.91667,2.55,0.0004705882,0.0,no,no,2.0,20,0,13,14/10-2011
208,yes,1,21.58333,2.46,0.1409972,289.0442,no,no,,4,1,11,10/1-2010
209,yes,0,30.66667,,0.03251895,102.9767,no,no,0.0,26,0,1,12/8-2010
210,yes,0,47.75,2.6372,0.006635826,13.916670000000002,yes,no,0.0,4,1,12,11/10-2012
211,yes,1,39.75,7.0,0.1099579999999999,641.4216,yes,no,2.0,30,0,22,23/3-2010
212,no,0,53.16667,2.8,,0.0,no,no,1.0,156,0,11,15/5-2011
213,no,0,22.83333,3.1475,,0.0,no,no,2.0,19,0,0,21/10-2010
214,no,1,24.91667,6.0,0.0002,0.0,no,no,2.0,17,1,2,10/6-2012
215,yes,0,25.16667,3.25,0.0312399999999999,84.275,no,no,0.0,6,1,17,19/7-2010
216,yes,0,61.08333,4.32,0.03697246,132.8508,yes,no,1.0,252,0,0,15/7-2011
217,yes,0,29.16667,2.5,0.0767256,159.595,no,no,0.0,7,1,21,24/5-2011
218,yes,0,35.33333,3.0,0.054018,135.045,no,no,1.0,6,1,8,20/6-2012
219,yes,0,26.08333,3.5,0.08595,250.5208,no,no,,52,1,2,5/6-2012
220,yes,0,42.75,4.56,,188.6208,no,no,0.0,144,1,11,12/8-2010
221,yes,0,27.58333,2.76,0.01036232,23.25,no,no,0.0,30,1,1,27/8-2010
222,yes,0,22.5,2.535,0.1013325,214.065,yes,no,2.0,23,1,9,8/5-2010
223,no,7,40.91667,3.2388,0.0003705076,0.0,no,no,0.0,50,1,16,20/1-2011
224,no,2,35.16667,3.84,0.0003125,0.0,no,no,0.0,38,0,2,20/6-2012
225,yes,0,32.83333,,0.03875531,42.63083,no,no,1.0,6,1,2,8/9-2010
226,no,0,25.83333,3.9,0.0003076923,0.0,no,no,,18,1,3,12/7-2012
227,no,0,56.91667,2.04,0.0005882353,0.0,yes,no,0.0,35,1,11,15/1-2011
228,yes,1,30.16667,7.2904,0.07818501,474.5,yes,no,4.0,43,1,14,4/1-2012
229,yes,0,25.08333,7.5,0.04870107,304.3817,yes,no,,300,1,8,14/9-2011
230,yes,0,34.58333,,0.02910716,78.75083000000001,no,no,1.0,31,1,6,4/3-2012
231,yes,0,24.66667,1.632,0.1754246,238.3275,no,no,1.0,4,1,5,28/10-2011
232,yes,0,40.75,8.0,0.04667138,311.1425,yes,no,2.0,38,1,0,3/7-2012
233,yes,0,31.33333,2.2,0.04216182,77.04666999999999,yes,no,2.0,17,1,16,18/9-2010
234,yes,0,27.83333,,0.0289767999999999,120.4033,yes,no,1.0,24,1,0,21/2-2010
235,yes,0,30.83333,3.0,0.0626289999999999,156.5725,yes,no,2.0,72,1,8,25/6-2011
236,yes,0,46.25,,,10.58333,yes,no,0.0,76,1,1,21/5-2012
237,yes,0,20.5,1.54,0.08959676,114.8158,no,no,0.0,6,1,2,23/2-2012
238,no,0,28.0,,0.0008,0.0,no,no,1.0,5,0,0,12/3-2011
239,yes,0,51.66667,3.0,0.07210633,179.7658,yes,no,0.0,121,1,0,28/6-2011
240,yes,1,41.83333,,0.1501082,625.3675,yes,no,,84,1,7,26/12-2010
241,yes,0,51.75,,0.02165545,84.9025,yes,no,1.0,60,0,0,24/8-2011
242,yes,0,53.5,1.5,0.0008,0.0,yes,no,0.0,57,0,6,12/1-2010
243,yes,0,26.08333,2.3,0.03560869,67.66666,no,no,0.0,24,1,0,6/9-2011
244,yes,0,20.5,1.6,0.08383188,111.6925,no,no,,3,1,0,27/9-2012
245,yes,0,27.75,2.2,0.1403463999999999,257.3017,no,no,,3,0,1,20/2-2010
246,yes,0,23.25,4.32,0.1877141,675.7708,no,no,,36,1,11,2/1-2010
247,no,0,23.08333,,0.0004615385,0.0,no,yes,0.0,37,1,7,20/4-2010
248,yes,0,20.33333,1.6752,0.1757384,245.3308,no,no,0.0,10,1,0,21/10-2012
249,yes,0,83.5,,0.005848564,13.333329999999998,yes,yes,0.0,38,0,11,16/10-2011
250,yes,0,24.5,2.6,0.06905923,149.545,no,yes,0.0,21,1,2,3/9-2011
251,yes,0,33.75,2.9,0.104841,253.3658,yes,no,2.0,14,1,20,23/11-2011
252,yes,0,25.08333,2.65,0.009650944,20.47917,no,no,0.0,12,1,9,8/3-2011
253,yes,0,26.91667,1.9,,41.81667,no,no,0.0,18,1,9,5/11-2011
254,yes,0,65.91666,2.95,0.04856136,118.7133,yes,no,1.0,230,1,19,12/11-2012
255,yes,0,21.58333,,0.08677917,225.4592,no,no,,10,0,6,21/7-2010
256,yes,0,35.0,4.1125,0.02962699,101.2008,yes,no,1.0,37,1,23,25/6-2010
257,no,1,46.0,6.0,0.0002,0.0,yes,no,2.0,84,1,46,20/7-2012
258,yes,0,25.33333,,0.006652,10.42,no,no,0.0,24,1,19,12/10-2012
259,no,2,35.91667,3.38,0.0003550295999999,0.0,yes,no,2.0,18,1,15,3/11-2012
260,yes,0,33.66667,3.5,0.002742857,7.166667,no,no,0.0,12,1,0,14/2-2012
261,yes,0,30.08333,,0.005961538,12.08333,yes,no,4.0,51,1,16,17/8-2012
262,no,11,26.41667,,0.0003428572,0.0,no,no,0.0,14,0,27,28/4-2010
263,yes,1,24.58333,2.8,,146.8625,no,no,0.0,14,1,11,23/1-2011
264,yes,0,37.75,5.9,0.06604102,324.6183,yes,no,,28,1,11,26/3-2012
265,yes,0,46.25,5.4,0.05977204,268.7242,yes,no,4.0,204,1,7,1/7-2010
266,yes,0,29.5,,0.1067854,249.1658,no,no,0.0,50,1,3,4/12-2012
267,yes,0,43.83333,3.9,,50.08333,yes,no,3.0,179,1,6,2/3-2011
268,yes,0,46.91667,,0.03101882,87.63667,no,no,0.0,42,1,4,13/10-2010
269,yes,0,21.83333,2.08,0.1174231,203.3667,no,no,0.0,5,1,0,7/4-2010
270,yes,0,57.66667,2.5,0.05074,105.125,yes,no,,24,1,13,2/9-2012
271,yes,1,23.66667,1.95,0.03098154,50.17833,no,no,0.0,3,1,4,22/4-2010
272,yes,0,25.66667,2.1,0.18692,327.11,no,no,,15,1,6,5/5-2010
273,no,0,30.66667,3.0,0.0004,0.0,yes,no,1.0,28,1,6,12/12-2011
274,yes,1,34.83333,3.2,0.06567625,175.1367,yes,no,2.0,25,1,8,18/9-2010
275,no,4,37.5,2.6,0.0004615385,0.0,no,no,0.0,40,1,14,8/6-2011
276,yes,0,40.33333,3.067,0.1596997,408.0825,no,no,2.0,18,0,0,22/2-2012
277,yes,0,24.41667,2.8,0.0146375,33.57083,no,no,,60,1,11,21/2-2012
278,yes,0,31.25,,0.1011433,404.49,yes,no,0.0,30,1,13,20/6-2010
279,no,0,41.16667,,0.0002531646,0.0,yes,no,0.0,13,1,0,18/9-2011
280,yes,0,29.83333,2.8,0.03458607,80.45084,yes,no,0.0,80,1,14,19/12-2010
281,yes,0,35.91667,4.2,0.0026190479999999,8.333333,yes,no,,59,1,13,18/3-2012
282,yes,0,42.91667,4.0,0.07213325,240.2775,no,no,2.0,180,1,9,6/11-2011
283,no,4,25.83333,1.65,,0.0,no,no,0.0,36,1,5,1/2-2011
284,yes,0,34.16667,4.3,0.0249386,88.94667,no,no,1.0,12,1,2,7/10-2010
285,yes,0,63.5,,0.0001859543,0.0,yes,no,0.0,42,1,13,14/1-2011
286,yes,1,21.91667,3.0,0.004701667,11.00417,no,no,1.0,18,0,7,28/11-2010
287,yes,0,21.25,1.75,0.1932389,281.8067,no,no,0.0,6,0,3,26/1-2012
288,no,0,22.33333,1.8,0.0006666667,0.0,no,no,0.0,3,0,6,16/3-2011
289,yes,0,22.91667,2.15,0.009956279,17.171670000000002,no,no,0.0,12,1,1,13/4-2010
290,no,0,23.83333,7.88,0.0001522843,0.0,no,yes,4.0,6,1,9,26/12-2011
291,no,2,26.83333,,0.0004615385,0.0,no,no,0.0,12,1,9,10/4-2012
292,yes,0,35.83333,,0.05948347,119.625,yes,no,0.0,56,1,10,6/10-2010
293,yes,0,41.08333,2.8,0.03716286,86.54666999999999,yes,no,0.0,48,0,6,16/4-2011
294,yes,0,40.75,3.64,0.03113791,94.11833,no,no,1.0,41,1,1,26/2-2012
295,yes,1,53.58333,9.9999,,832.2433,yes,no,3.0,120,1,3,13/10-2010
296,no,0,20.75,1.95,0.0006153846,0.0,no,no,0.0,14,0,1,10/4-2011
297,yes,2,34.83333,6.5,,762.3784,yes,no,0.0,12,1,13,21/1-2011
298,yes,0,32.16667,3.805,0.008436268,26.0,yes,no,,51,1,7,1/10-2012
299,yes,0,40.75,2.15,0.1270335,227.6017,no,no,,67,0,16,3/4-2010
300,yes,2,38.58333,4.0,0.1139598,379.8658,no,no,,120,1,8,22/5-2011
301,yes,0,22.41667,3.1,0.2400212999999999,620.055,no,no,,3,1,0,9/7-2010
302,no,0,31.0,,0.000299222,0.0,no,no,,42,1,0,24/3-2010
303,yes,0,29.08333,4.58,0.01286856,48.615,no,no,0.0,50,1,7,1/2-2010
304,yes,0,33.75,1.8,0.1306339,195.4508,yes,no,3.0,12,1,2,5/6-2011
305,no,4,38.0,1.7095,0.0007019597,0.0,no,no,,42,1,2,11/1-2011
306,yes,0,21.91667,2.2593,0.06498916,122.1917,yes,no,0.0,6,1,0,20/9-2012
307,yes,0,26.41667,3.5,,384.8992,no,no,2.0,12,1,0,8/6-2011
308,yes,0,40.33333,,0.01560016,129.3333,yes,no,4.0,72,1,21,15/9-2010
309,yes,0,23.75,,0.0007654036999999,0.0,yes,no,,6,1,0,14/7-2010
310,yes,0,37.58333,2.9623,0.002227999,4.5833330000000005,yes,yes,1.0,93,1,13,17/11-2012
311,yes,1,27.75,2.7,0.09362111,210.6475,no,no,0.0,9,1,13,14/12-2012
312,yes,0,21.66667,2.16,0.1106287,198.5483,yes,no,0.0,18,1,7,21/9-2010
313,yes,0,26.16667,4.0,0.0012,3.166667,no,no,2.0,18,0,0,1/5-2011
314,no,5,31.75,,0.0002666667,0.0,yes,no,0.0,36,1,11,5/12-2011
315,no,0,33.75,1.8,0.0006666667,0.0,yes,no,2.0,11,1,13,7/3-2010
316,yes,0,27.33333,2.75,,153.7267,no,no,0.0,6,1,3,13/8-2011
317,yes,0,39.75,,0.01701942,34.15583,yes,no,1.0,49,1,25,3/4-2011
318,no,0,23.25,,0.0005333333,0.0,no,no,3.0,12,1,0,14/2-2012
319,no,0,23.91667,1.2,0.001,0.0,no,no,0.0,15,0,0,19/12-2011
320,no,2,28.16667,,0.0004615385,0.0,yes,no,2.0,31,1,3,18/4-2012
321,no,0,26.33333,1.5,,0.0,no,no,,8,1,0,9/11-2010
322,yes,0,25.33333,,0.1966747999999999,344.1808,yes,no,1.0,22,1,19,20/8-2010
323,yes,0,0.1666667,3.24,0.1843663999999999,497.7058,yes,no,3.0,25,1,16,11/6-2010
324,no,0,36.58333,2.22,0.0005405405999999,0.0,yes,no,,4,1,0,27/12-2012
325,no,2,34.83333,4.9,0.000244898,0.0,no,no,2.0,408,1,3,15/4-2012
326,yes,0,41.58333,2.3,0.04575044,87.105,yes,no,0.0,42,1,12,6/2-2012
327,no,2,28.33333,,0.0003636364,0.0,no,no,1.0,36,1,17,12/2-2012
328,no,3,44.58333,,0.0004799999999999,0.0,yes,no,2.0,62,1,18,10/4-2011
329,yes,0,34.0,2.205,,80.86833,yes,no,2.0,4,1,10,11/6-2011
330,yes,1,35.83333,2.4,0.071715,143.3467,yes,no,0.0,27,1,18,22/2-2011
331,yes,0,22.0,2.7,0.04682963,105.2833,no,no,,15,1,7,11/8-2012
332,yes,0,34.0,,0.1893335,583.7783,yes,yes,2.0,5,1,2,1/4-2010
333,no,5,27.66667,,0.0005660376999999,0.0,no,no,0.0,44,1,10,19/11-2011
334,yes,0,34.5,6.2,0.1840382,950.8641,yes,no,,60,1,11,15/3-2011
335,yes,0,40.33333,2.5,0.0509016,105.9617,no,no,1.0,24,1,2,22/3-2011
336,no,1,24.25,2.0,0.0006,0.0,no,no,0.0,52,0,3,2/6-2010
337,no,0,30.16667,2.4,0.0005,0.0,no,yes,2.0,72,1,11,24/10-2010
338,yes,0,45.0,,0.04091464,137.0717,no,no,0.0,72,1,2,28/3-2011
339,no,0,31.66667,3.0,,0.0,no,no,0.0,12,0,0,8/3-2011
340,yes,0,24.91667,2.9,0.0005086207,0.3125,yes,no,0.0,60,1,8,28/1-2010
341,yes,0,27.83333,1.99,0.06038794,100.1433,yes,no,1.0,12,1,5,4/9-2010
342,yes,0,56.91667,1.92,,320.6758,yes,yes,1.0,64,1,9,18/9-2010
343,yes,1,34.41667,5.0,0.1640627999999999,683.4283,yes,yes,1.0,108,1,6,26/4-2010
344,no,2,32.58333,2.16,0.0005555556,0.0,yes,no,,38,0,8,5/8-2011
345,yes,0,26.58333,2.2,0.07969773,145.6958,no,no,,30,1,3,8/11-2012
346,yes,0,20.41667,2.2375,0.05063821,93.91917,no,no,0.0,27,1,1,6/9-2011
347,no,2,40.0,2.4,0.0005,0.0,no,no,0.0,72,1,6,24/10-2011
348,yes,0,40.16667,1.9,0.1059958,167.8267,yes,no,,108,1,17,22/3-2012
349,yes,0,25.66667,,,703.4067,yes,no,1.0,30,1,13,9/4-2010
350,no,0,32.08333,,,0.0,no,no,0.0,42,0,0,28/9-2012
351,yes,2,26.0,,,1292.003,no,yes,,13,1,31,14/8-2012
352,no,3,36.91667,2.6,0.0004615385,0.0,yes,no,1.0,54,1,14,26/10-2010
353,no,0,22.66667,2.5,,0.0,no,no,0.0,27,1,0,17/2-2012
354,yes,0,28.25,3.9,0.07661206,248.9058,no,no,,48,1,10,28/9-2012
355,yes,0,49.16667,5.2,0.01664154,71.53,yes,no,1.0,15,1,6,18/6-2010
356,yes,1,24.16667,,0.1285348,347.9483,no,no,0.0,12,0,5,1/1-2011
357,yes,0,32.66667,3.6,,4.5833330000000005,no,no,,25,1,2,14/9-2011
358,yes,0,32.58333,,0.09980781,831.7317,yes,no,,7,1,28,28/4-2010
359,yes,0,36.0,3.7,0.03311243,101.7633,yes,no,2.0,6,0,18,26/4-2011
360,yes,0,29.25,,0.1139493999999999,424.1767,yes,yes,0.0,63,1,5,23/2-2011
361,no,0,36.41667,5.2,0.0002307691999999,0.0,yes,no,2.0,12,1,0,21/2-2011
362,yes,0,22.91667,,,232.2758,no,no,,2,1,4,26/7-2012
363,yes,0,61.0,1.5,0.2685167,335.5625,yes,no,1.0,372,1,24,16/8-2012
364,yes,0,54.41667,,0.01661133,20.18083,no,no,0.0,24,0,1,7/10-2012
365,no,0,25.66667,1.8504,0.0006485083999999,0.0,no,no,0.0,14,1,0,6/1-2012
366,yes,0,30.33333,2.45,0.05832653,119.0,no,no,,8,1,0,18/9-2012
367,yes,0,27.08333,1.89,0.04420053,69.0325,no,no,0.0,51,1,12,16/9-2012
368,yes,0,39.0,3.5,0.04514543,131.6742,yes,no,,113,0,13,7/2-2010
369,no,0,24.16667,2.7885,0.0004303389,0.0,no,no,,4,1,0,23/11-2012
370,yes,0,47.08333,4.5,0.1395,523.125,yes,no,,3,1,13,10/11-2012
371,no,4,24.83333,2.8,0.0004285714,0.0,no,no,0.0,12,1,7,5/9-2010
372,no,3,32.16667,2.8,0.0004285714,0.0,yes,no,,106,0,11,27/3-2010
373,yes,0,33.08333,,0.104378,391.4175,no,no,1.0,36,1,2,26/11-2012
374,yes,0,45.0,,0.03137474,99.10333,yes,no,1.0,90,1,3,8/12-2012
375,no,0,32.83333,5.0,0.0002399999999999,0.0,no,yes,0.0,14,1,0,4/11-2012
376,yes,0,23.33333,2.7,0.1686141,379.2983,no,no,0.0,2,1,0,6/2-2010
377,no,2,25.16667,2.5,0.0004799999999999,0.0,no,yes,1.0,30,1,18,7/8-2011
378,yes,0,26.58333,3.2,,398.8508,yes,no,,12,1,0,24/9-2012
379,yes,0,22.91667,1.92,0.02146354,34.09167,yes,no,2.0,12,1,21,7/3-2011
380,yes,0,45.66667,2.3080000000000003,0.2200398999999999,423.1267,no,no,,94,1,5,14/1-2011
381,no,0,29.16667,,0.0007058823,0.0,no,no,1.0,28,1,0,23/3-2012
382,yes,0,48.91667,3.0,0.09670267,241.4233,yes,no,2.0,120,0,3,22/10-2010
383,yes,0,39.75,2.45,0.0714951,145.7192,yes,no,,38,1,8,16/5-2011
384,yes,0,20.08333,,,0.9166667,no,no,0.0,15,0,0,17/10-2012
385,yes,0,32.91667,2.5,0.2457659999999999,512.0125,no,no,,6,1,9,14/7-2010
386,yes,0,39.66667,,0.1275373,318.51,yes,no,0.0,72,1,9,26/10-2010
387,yes,0,26.83333,3.15,,189.6842,no,no,0.0,6,1,0,22/6-2010
388,yes,0,27.25,3.5,0.06670286,194.4667,no,no,0.0,6,1,0,26/6-2011
389,yes,0,19.58333,1.8,0.121795,182.6092,no,no,0.0,12,1,0,26/6-2012
390,yes,0,24.08333,2.25,0.1584612999999999,297.0317,no,no,,10,1,9,21/8-2012
391,yes,0,22.83333,2.0,0.0229845,37.97417,no,no,0.0,25,1,11,27/4-2012
392,yes,0,27.08333,4.1,0.115781,395.585,yes,no,2.0,41,1,14,5/3-2012
393,yes,0,23.83333,2.97,,204.5367,no,no,0.0,4,1,7,2/11-2012
394,yes,0,41.66667,5.5,,148.3725,yes,no,3.0,9,1,0,13/11-2010
395,yes,0,27.25,3.15,0.06493969,170.4667,yes,no,2.0,24,1,9,19/2-2012
396,yes,0,46.5,3.5,0.0422899999999999,122.9292,no,yes,,48,1,1,2/5-2011
397,yes,0,21.08333,1.5344,0.004301356,4.5833330000000005,no,no,,14,1,11,10/12-2010
398,yes,0,32.33333,,0.101359,430.6925,yes,no,0.0,38,1,10,18/1-2012
399,yes,0,22.58333,2.25,0.01111111,20.08333,no,no,0.0,12,1,4,14/10-2012
400,yes,0,25.58333,3.41,0.0065225809999999,17.785,yes,no,1.0,7,1,6,16/7-2012
401,yes,0,35.25,3.7,0.1221516,376.6342,yes,no,1.0,12,1,0,22/4-2010
402,no,0,34.58333,3.4,0.0003529412,0.0,no,no,0.0,12,1,0,20/7-2012
403,yes,0,35.75,4.14,,474.065,yes,no,0.0,12,1,18,21/9-2012
404,no,4,38.25,4.8,0.00025,0.0,yes,no,1.0,42,1,6,10/8-2010
405,yes,0,34.75,,0.05023986,293.0658,yes,no,3.0,3,1,0,17/4-2012
406,yes,0,28.75,7.0,0.1083523999999999,631.9725,yes,yes,0.0,12,1,5,6/12-2012
407,yes,1,29.16667,2.2,,69.79333000000001,no,no,0.0,49,1,7,22/1-2012
408,no,0,28.58333,2.06,0.0005825243,0.0,yes,no,0.0,31,0,12,15/8-2010
409,no,0,22.08333,,0.00078125,0.0,no,no,0.0,12,0,3,18/3-2010
410,no,3,36.5,,0.0003,0.0,yes,no,0.0,28,1,12,13/2-2011
411,yes,0,43.83333,,0.001095238,8.75,yes,no,4.0,168,1,16,22/2-2011
412,yes,0,32.0,3.05,,127.4725,no,no,0.0,62,0,10,23/11-2011
413,yes,1,56.91667,,0.0628954,182.0958,yes,no,,540,1,7,5/1-2011
414,yes,0,24.33333,3.0,0.002791667,6.1458330000000005,yes,no,2.0,18,1,6,14/8-2012
415,yes,0,34.58333,5.1,0.0970047,412.1867,yes,no,4.0,3,1,0,13/3-2012
416,yes,0,53.0,,0.01771837,35.675,yes,no,0.0,3,1,11,21/8-2012
417,yes,0,31.16667,2.0,0.1235615,205.9358,yes,no,1.0,42,0,6,6/5-2010
418,yes,0,54.08333,4.0,0.01336725,43.97417,yes,no,1.0,188,1,13,12/5-2012
419,yes,0,45.83333,3.48,0.06486379,188.105,yes,yes,1.0,16,1,21,1/2-2010
420,yes,0,20.83333,2.0,0.00475,7.0833330000000005,yes,yes,0.0,18,0,3,23/2-2012
421,yes,0,27.33333,2.15,0.2703846,484.4392,no,no,0.0,6,1,12,18/8-2012
422,no,0,37.58333,4.475,,0.0,no,no,2.0,60,1,15,11/12-2012
423,yes,0,33.25,1.7,0.006725882,8.778334,no,no,0.0,146,1,17,21/2-2010
424,yes,0,28.08333,,0.06997,174.925,no,no,0.0,18,1,11,10/6-2010
425,yes,0,27.16667,,0.01112149,21.33333,yes,no,,6,1,5,21/11-2011
426,yes,0,50.0,4.5,0.09626533,360.995,yes,no,2.0,301,1,11,11/4-2010
427,yes,0,48.33333,3.7,,114.6017,yes,no,2.0,192,0,7,8/1-2010
428,yes,0,25.25,5.5,,113.2958,yes,yes,0.0,16,1,0,22/11-2010
429,yes,0,30.75,3.374,,33.5075,yes,no,0.0,10,1,9,23/6-2011
430,yes,0,63.16667,5.5,0.02048182,93.625,yes,no,1.0,192,1,15,12/5-2012
431,no,1,32.33333,,,0.0,yes,no,4.0,18,1,4,10/10-2010
432,yes,0,28.41667,,0.07231405,415.8058,yes,no,0.0,14,1,0,2/4-2011
433,yes,0,28.91667,2.75,0.3822784999999999,875.8884,yes,no,1.0,3,1,3,6/5-2011
434,yes,0,0.5833333,,0.0831712,173.0233,no,no,0.0,150,1,5,24/4-2011
435,yes,0,25.66667,,0.0049,7.416666999999999,no,no,0.0,26,1,13,11/4-2012
436,yes,0,21.91667,2.6875,0.07412688,165.93,no,no,3.0,85,1,12,23/7-2010
437,yes,0,27.16667,2.6796,,15.583329999999998,no,no,4.0,36,1,4,23/6-2011
438,yes,0,22.5,1.8,0.1196106,178.9158,no,no,0.0,6,0,2,27/2-2012
439,yes,0,25.33333,,0.03501987,44.9425,no,no,1.0,12,1,0,22/2-2010
440,yes,0,20.16667,1.5,0.1196406999999999,149.5508,no,no,0.0,3,1,3,14/10-2010
441,yes,0,25.0,,0.00297809,3.75,no,no,0.0,4,1,5,12/5-2012
442,no,2,36.58333,,0.0004761905,0.0,yes,no,0.0,77,1,9,3/10-2012
443,yes,0,19.66667,,0.04474897,82.92084,no,no,0.0,133,0,5,14/2-2010
444,no,0,31.25,1.78,0.0006741573,0.0,no,no,0.0,14,1,0,8/10-2012
445,yes,0,29.08333,4.01,0.002743142,8.333333,no,no,,120,1,15,17/9-2010
446,yes,0,51.58333,,0.2975549,3099.505,yes,no,1.0,120,1,21,21/4-2011
447,yes,0,31.5,1.6,0.2253456,300.4608,no,no,0.0,6,1,8,8/10-2011
448,yes,0,46.5,5.0,0.0272399999999999,112.9167,yes,no,1.0,7,1,7,7/7-2012
449,yes,0,24.66667,2.275,0.04983472,94.145,yes,no,2.0,31,1,6,28/4-2012
450,yes,0,54.75,3.4,0.07603735,215.4392,no,no,1.0,12,1,7,23/2-2011
451,yes,0,21.41667,1.75,0.02445829,35.16833,yes,no,0.0,131,1,3,14/5-2012
452,yes,0,27.08333,3.25,0.008601538,22.4625,yes,no,,48,1,6,9/6-2011
453,yes,0,45.08333,3.9,0.09064,294.58,no,no,0.0,120,1,12,8/3-2011
454,no,0,35.91667,,0.0006486487,0.0,no,no,0.0,62,0,0,9/8-2011
455,yes,0,40.91667,4.0,0.00331225,10.29083,yes,no,1.0,84,1,9,18/9-2012
456,yes,0,54.5,,0.1763946,632.0808,yes,no,,120,1,6,10/8-2010
457,yes,0,28.16667,3.5,0.1119656999999999,326.5667,yes,no,,48,0,7,22/9-2011
458,yes,1,34.08333,8.1,0.1107658999999999,747.67,yes,yes,3.0,36,1,15,21/10-2012
459,yes,1,30.0,4.0,0.05105425,170.1808,yes,no,5.0,28,1,7,13/4-2012
460,yes,1,33.91667,2.0,0.9063205,1510.534,no,no,0.0,12,1,5,18/4-2011
461,no,0,0.75,3.0,0.0004,0.0,no,no,0.0,18,0,2,24/6-2012
462,yes,0,51.25,5.3,0.04344189,191.7017,no,no,,108,1,2,19/9-2012
463,no,7,25.91667,2.6,0.0004615385,0.0,no,no,3.0,36,1,11,27/1-2010
464,yes,0,27.91667,2.52,,188.1858,no,no,1.0,12,1,0,17/5-2012
465,no,0,23.83333,2.2,0.0005454546,0.0,no,no,0.0,31,0,0,12/11-2011
466,yes,0,29.0,2.5,0.5263956,1096.657,no,no,0.0,12,1,14,13/3-2012
467,yes,0,33.5,3.5,0.094966,276.9842,no,no,,4,1,13,11/4-2011
468,no,1,30.83333,4.35,,0.0,no,no,0.0,28,1,5,9/11-2011
469,no,0,38.75,1.6,,0.0,no,no,0.0,51,1,1,26/2-2012
470,yes,0,32.16667,2.0,0.023269,38.365,no,no,2.0,24,1,4,26/4-2010
471,yes,1,43.33333,4.8,0.3706127,1482.368,yes,no,0.0,3,1,4,8/3-2011
472,yes,0,29.83333,3.0,0.01855033,45.87583,yes,no,2.0,28,1,4,6/10-2010
473,yes,0,62.0,1.638,0.04700183,64.07417,yes,no,,270,0,1,20/5-2011
474,no,2,35.5,,0.0004137930999999,0.0,no,no,1.0,102,1,21,26/5-2011
475,yes,0,21.5,,0.01799908,35.16667,no,no,0.0,7,0,5,13/7-2011
476,yes,0,38.25,2.3,0.0676087,129.4167,yes,no,0.0,3,1,3,18/11-2011
477,yes,0,39.58333,8.1,0.09833618,663.7692,yes,no,,43,1,13,16/5-2010
478,no,2,40.5,3.57,0.0003361345,0.0,no,yes,0.0,31,1,7,26/7-2011
479,no,0,34.25,1.944,0.000617284,0.0,no,no,1.0,54,1,1,23/7-2011
480,yes,0,34.83333,2.75,,75.63417,yes,no,0.0,151,1,11,20/8-2011
481,yes,0,28.16667,3.5,0.0016,3.75,yes,no,1.0,31,1,7,5/1-2012
482,yes,0,47.16667,,0.05167186,301.2525,yes,no,1.0,144,1,8,17/5-2012
483,yes,0,28.16667,2.8,0.096285,224.5817,no,no,0.0,5,0,1,21/6-2011
484,yes,0,22.41667,1.95,0.03733385,60.58416999999999,no,no,0.0,3,1,0,11/4-2011
485,no,0,45.5,6.5,0.0001846154,0.0,no,no,2.0,34,1,9,1/4-2012
486,yes,0,22.91667,2.5,0.2395248,498.9267,no,no,0.0,2,1,0,3/4-2012
487,yes,1,37.08333,3.0,0.003666667,8.333333,no,no,0.0,60,1,9,8/12-2010
488,yes,0,27.25,1.8,0.07033833,105.5075,yes,no,2.0,6,1,4,8/10-2011
489,yes,0,39.58333,2.6,,56.33333,yes,no,3.0,70,1,9,2/8-2012
490,yes,0,51.83333,3.6,0.070965,212.4783,yes,no,1.0,125,1,13,11/7-2011
491,yes,0,23.66667,2.3,0.007781739,14.33167,no,no,,14,0,0,11/9-2012
492,no,1,21.5,1.78,0.0006741573,0.0,no,no,0.0,5,1,1,24/1-2011
493,yes,0,21.91667,,0.0003108808,0.0,yes,yes,0.0,18,1,8,15/2-2011
494,yes,0,45.58333,,0.01453408,58.93083000000001,yes,no,2.0,159,1,4,13/4-2011
495,no,0,39.91667,3.6,0.0003333333,0.0,no,no,0.0,14,0,0,9/2-2012
496,yes,0,42.25,,0.02476569,66.26417,yes,no,2.0,36,1,3,2/2-2012
497,no,2,27.5,1.85,0.0006486487,0.0,no,no,0.0,24,1,12,5/5-2011
498,yes,0,25.75,1.85,,91.96417,yes,no,0.0,24,1,9,28/6-2010
499,yes,0,25.41667,1.56,0.1660627999999999,215.8817,no,no,0.0,12,1,0,21/3-2010
500,yes,0,31.83333,,0.007014479,22.98667,yes,no,1.0,101,1,9,13/8-2010
501,no,5,25.25,3.3,0.0003636364,0.0,yes,no,1.0,75,1,23,10/5-2011
502,yes,0,24.16667,,,240.38,no,no,0.0,10,1,12,17/8-2012
503,yes,0,28.16667,,0.02481051,89.955,yes,no,1.0,84,0,1,25/8-2010
504,yes,0,26.58333,2.35,0.06488553,126.6508,no,no,1.0,26,1,2,5/9-2010
505,yes,0,20.91667,4.0,0.042129,140.3467,yes,no,0.0,24,1,4,12/4-2012
506,no,2,35.58333,,0.0002352941,0.0,yes,no,,63,1,8,15/10-2012
507,yes,0,32.16667,3.0,0.1178903,294.5592,yes,no,,9,1,0,1/11-2011
508,yes,0,28.66667,3.5,0.02358028,68.35916999999999,yes,no,,42,1,12,19/8-2012
509,yes,0,39.75,3.5,,101.4942,yes,no,0.0,12,1,0,7/11-2010
510,yes,0,34.83333,5.5,0.2375431,1088.739,yes,no,4.0,12,1,0,19/1-2011
511,yes,0,51.75,3.8,0.01511711,47.7875,yes,no,1.0,51,1,5,24/12-2012
512,yes,0,22.66667,1.79,0.03404134,50.02833,no,no,0.0,3,1,0,5/11-2010
513,yes,0,38.25,,0.08108,344.0067,yes,no,3.0,126,1,17,17/5-2010
514,yes,0,46.25,8.94,,188.295,yes,no,0.0,96,1,17,16/1-2012
515,yes,0,50.33333,7.1,0.04148197,245.3517,yes,no,2.0,12,1,0,23/2-2012
516,yes,0,32.08333,2.4,0.1426412999999999,285.2825,yes,no,0.0,96,0,8,8/10-2010
517,yes,1,30.58333,3.305,0.006686838,17.58333,no,no,0.0,19,1,12,13/12-2012
518,yes,0,38.83333,,0.2897866,1569.677,yes,no,4.0,117,1,18,3/12-2011
519,yes,0,39.58333,4.81,0.01105884,43.74417,yes,no,1.0,8,1,9,4/4-2011
520,yes,0,39.66667,,0.02240434,55.760830000000006,yes,yes,1.0,132,1,22,26/6-2010
521,yes,0,41.66667,2.7,,97.5125,yes,no,2.0,28,1,11,16/11-2011
522,yes,0,38.83333,,0.01299352,58.05416,yes,yes,0.0,108,1,17,22/5-2012
523,yes,0,37.08333,,0.03150603,213.1292,yes,yes,3.0,120,1,5,7/3-2012
524,yes,0,27.83333,3.04,0.03792664,95.9975,no,no,0.0,13,1,0,13/3-2010
525,yes,1,29.5,2.08,0.03545144,61.19917,yes,no,2.0,12,1,11,24/8-2011
526,yes,0,28.91667,1.511,0.0007941761,0.0,no,no,0.0,44,1,15,27/6-2011
527,no,1,31.08333,3.0,0.0004,0.0,yes,no,,51,1,2,26/12-2012
528,yes,0,30.33333,,0.2956862,640.6533,yes,no,,25,1,4,9/6-2010
529,yes,0,37.41667,2.5,0.0298332,61.73583000000001,yes,no,2.0,120,0,4,11/12-2010
530,yes,0,44.58333,3.5,0.01198229,34.53167,yes,no,1.0,33,1,13,17/4-2010
531,yes,0,25.33333,,0.1066462,213.2925,no,no,,5,1,10,12/9-2011
532,yes,0,26.83333,2.32,0.0075862069999999,14.0,no,no,0.0,2,1,0,11/10-2012
533,yes,0,46.16667,2.58,0.07673334,164.6433,yes,no,2.0,120,0,15,3/3-2010
534,yes,0,28.08333,2.1,,158.6067,yes,no,1.0,24,0,11,22/11-2010
535,yes,0,38.41667,2.35,0.06853744,133.9692,no,no,1.0,72,1,8,2/8-2011
536,yes,0,46.75,2.8,0.0004285714,0.0,yes,no,1.0,84,1,2,24/6-2010
537,no,2,52.25,3.7,0.0003243243,0.0,no,no,4.0,1,1,6,6/10-2010
538,no,0,37.16667,1.68,0.0007142857,0.0,yes,no,3.0,120,0,8,5/11-2011
539,no,0,25.33333,2.64,0.0004545455,0.0,no,no,0.0,24,1,33,18/8-2010
540,yes,1,28.25,2.3,0.03489609,66.30083,yes,no,1.0,24,1,14,28/4-2011
541,yes,2,35.33333,6.888,0.01023621,58.50583,yes,no,0.0,5,1,18,8/9-2010
542,no,4,25.41667,4.0,,0.0,no,no,0.0,36,1,32,12/6-2010
543,yes,0,28.16667,2.0,0.06025,100.4167,yes,no,1.0,38,0,8,22/2-2011
544,no,0,19.0,1.97,0.0006091371,0.0,no,no,1.0,24,1,2,19/1-2011
545,yes,0,25.41667,,0.01046967,25.5075,no,no,2.0,3,1,11,7/5-2012
546,yes,0,26.08333,2.75,0.1835625,420.5808,yes,no,1.0,6,1,11,17/5-2012
547,yes,0,31.25,5.0,0.0743784,309.91,yes,no,2.0,12,1,12,24/1-2012
548,yes,0,33.66667,,0.0449081,78.25584,no,no,4.0,12,1,0,23/11-2010
549,yes,0,27.91667,4.0,0.03709175,123.2225,yes,no,2.0,2,1,0,19/6-2011
550,yes,1,48.33333,,0.03187233,79.17583,yes,yes,,180,1,12,10/10-2012
551,yes,0,36.83333,3.3,0.1568097,431.1433,no,no,,3,1,0,3/3-2010
552,no,3,45.41667,2.35,0.0005106383,0.0,no,no,0.0,36,1,15,8/9-2011
553,no,2,53.0,2.16,0.0005555556,0.0,no,yes,0.0,74,0,5,10/7-2012
554,yes,0,27.58333,3.9,0.04137513,134.3858,yes,no,3.0,12,1,6,22/5-2011
555,yes,0,40.0,2.3115,0.02862341,54.96917,no,no,1.0,158,1,9,15/10-2010
556,yes,0,49.16667,1.7,0.0007058823,0.0,no,no,1.0,14,0,6,27/5-2012
557,yes,0,40.33333,2.0,0.0723855,120.5592,no,no,0.0,24,1,4,10/10-2010
558,yes,0,23.83333,,0.0801424999999999,320.4867,no,yes,,42,1,2,20/1-2012
559,yes,0,34.25,3.0,0.5409953000000001,1352.4879999999998,yes,no,0.0,72,1,3,27/7-2011
560,yes,0,21.41667,1.56,0.06716603,87.14917,no,no,0.0,24,0,5,22/3-2010
561,yes,0,39.33333,,0.049059,81.265,yes,no,,200,1,9,1/7-2012
562,yes,0,24.25,2.6,0.2969185,643.3233,no,no,1.0,10,1,11,22/3-2010
563,yes,0,47.83333,4.68,0.03474402,134.9183,yes,no,,210,1,6,12/11-2012
564,yes,0,34.83333,4.0,0.2582514999999999,860.755,no,yes,0.0,204,0,6,26/6-2011
565,yes,0,52.25,,0.0552038,85.97833,yes,no,0.0,250,1,4,15/2-2011
566,yes,3,47.5,3.1,0.1792845,463.1517,no,no,0.0,24,1,15,19/8-2011
567,yes,0,25.75,,0.05751464,134.2008,no,no,0.0,6,0,3,16/5-2010
568,yes,0,24.08333,2.04,0.1136103,192.7208,no,no,0.0,109,1,5,26/6-2012
569,yes,0,24.5,,0.3213480999999999,562.3592,no,no,0.0,28,1,5,12/7-2011
570,yes,0,22.33333,2.0,0.164968,274.9467,no,no,0.0,13,1,7,15/3-2010
571,yes,0,33.16667,,0.08529589,398.0475,yes,no,4.0,84,1,4,16/2-2012
572,yes,0,38.91667,,,124.4758,yes,no,1.0,84,1,11,15/5-2012
573,yes,0,22.16667,,0.08183375,163.4175,no,no,,23,1,0,6/2-2012
574,yes,0,23.33333,1.85,,93.31,no,no,,4,1,1,5/10-2010
575,yes,0,24.08333,2.9,0.04706862,113.2492,yes,no,,60,1,3,8/7-2012
576,no,0,26.66667,2.0,0.0006,0.0,no,yes,,63,1,2,6/11-2012
577,yes,0,52.41667,1.89,0.02392328,37.42916,no,no,0.0,240,1,6,14/8-2011
578,yes,0,20.25,2.0,0.2048969999999999,341.245,no,no,0.0,24,1,7,4/3-2010
579,yes,0,25.41667,,0.3715959,508.2908,no,no,0.0,19,1,9,10/2-2012
580,no,4,22.75,2.34,0.0005128205,0.0,no,no,0.0,61,1,6,5/5-2010
581,yes,0,24.41667,,0.2731215999999999,432.3592,no,no,0.0,19,1,6,28/5-2012
582,yes,0,21.5,1.53,0.03650327,46.29167,yes,no,0.0,22,1,11,23/5-2010
583,yes,0,22.41667,,0.07619161,253.6292,no,no,0.0,268,1,2,12/10-2012
584,yes,0,46.33333,1.6,0.04630688,61.7425,no,no,0.0,162,1,11,15/12-2010
585,yes,0,19.41667,,,125.8917,no,no,0.0,3,1,0,6/3-2010
586,yes,1,29.83333,3.7,0.595776,1836.976,no,no,0.0,24,1,7,7/8-2012
587,yes,0,28.91667,2.1,0.009285714,15.583329999999998,no,no,0.0,28,1,5,20/3-2011
588,yes,0,26.66667,2.0,,51.75,no,no,1.0,6,1,1,21/3-2010
589,no,1,44.83333,,0.0004615385,0.0,yes,no,0.0,48,1,1,12/7-2011
590,yes,0,27.0,2.675,0.03482019,77.28667,yes,no,0.0,135,1,0,5/12-2011
591,no,1,30.16667,4.16,0.0002884615,0.0,yes,yes,2.0,37,1,15,7/12-2012
592,yes,0,24.83333,2.1,0.1375624,240.4842,no,no,1.0,24,1,5,17/9-2010
593,yes,0,28.0,2.4,0.0337825,67.39833,no,no,1.0,24,1,4,16/9-2010
594,yes,0,39.16667,,0.02673974,69.27333,yes,yes,2.0,66,1,5,12/7-2011
595,yes,0,31.41667,3.0,0.06917133,172.5717,yes,no,1.0,24,1,13,25/5-2010
596,yes,0,40.41667,,0.07675923,199.0042,yes,no,,60,1,11,24/7-2012
597,no,3,23.16667,,0.0007401468,0.0,no,no,1.0,144,0,4,18/10-2011
598,yes,0,43.58333,,0.04429271,160.4792,yes,no,2.0,110,1,10,10/2-2011
599,no,0,25.16667,,0.0004735596,0.0,no,no,0.0,14,1,3,10/2-2012
600,no,2,40.58333,,0.0003870968,0.0,yes,no,1.0,66,1,5,14/5-2011
601,no,7,32.08333,,0.0004418098999999,0.0,no,no,,60,0,10,4/9-2011
602,yes,0,42.16667,4.04,,44.41333,no,no,0.0,5,1,6,24/2-2010
603,yes,0,47.33333,,,492.2558,no,no,0.0,156,0,11,3/7-2010
604,yes,0,27.83333,3.0,0.1608052999999999,401.93,no,no,1.0,24,1,2,2/9-2011
605,yes,0,30.66667,,0.06829016,179.1783,yes,no,,19,1,9,20/5-2011
606,no,0,38.5,5.97,0.000201005,0.0,yes,no,1.0,3,1,19,10/12-2012
607,yes,0,31.0,,0.0841927,182.1675,no,no,0.0,5,1,0,28/11-2011
608,no,0,47.91667,8.4,0.0001428570999999,0.0,yes,no,3.0,6,1,0,20/5-2010
609,yes,0,21.91667,,,61.9525,no,no,0.0,40,0,4,6/12-2012
610,yes,0,36.75,,0.032497,80.82584,yes,no,3.0,134,0,4,4/11-2011
611,yes,0,23.5,2.8,0.003928571,8.333333,yes,no,0.0,12,1,3,26/1-2010
612,yes,1,25.33333,,0.04465253,169.0575,yes,no,1.0,42,1,10,8/7-2010
613,yes,0,21.25,,0.03496332,57.980830000000005,no,no,2.0,8,1,5,5/1-2010
614,yes,0,48.91667,4.5,0.05416889,203.1333,no,no,2.0,17,1,0,5/9-2012
615,no,0,35.58333,4.0,0.0003,0.0,no,no,,70,1,1,20/3-2012
616,yes,0,39.08333,3.5,0.06206229,181.015,yes,no,1.0,42,1,0,4/12-2011
617,no,1,27.66667,2.15,0.0005581395,0.0,no,no,,97,1,1,16/2-2012
618,no,0,23.25,,,0.0,no,no,0.0,32,1,7,20/6-2011
619,yes,0,31.16667,3.5,0.1656494,483.0608,no,no,,14,0,0,5/3-2012
620,yes,0,26.83333,2.9,0.006872069,15.940829999999998,yes,yes,1.0,26,1,3,19/4-2012
621,yes,0,39.25,3.4064,,180.655,no,yes,1.0,120,1,7,1/1-2010
622,yes,0,24.83333,4.0,0.00165,4.5833330000000005,no,yes,2.0,48,1,4,12/8-2010
623,yes,0,27.16667,,0.8778461,1902.0,no,no,0.0,4,1,7,17/10-2012
624,yes,0,24.66667,2.0676,0.2071183999999999,356.7817,no,no,0.0,4,1,17,6/12-2010
625,yes,0,44.66667,2.4,0.0005,0.0,no,no,,36,1,11,18/7-2011
626,yes,0,25.16667,3.42,0.008915205,24.575,no,no,0.0,3,1,0,12/10-2012
627,yes,0,21.91667,,0.05414866,302.2467,no,no,0.0,8,1,6,26/3-2012
628,yes,0,40.41667,5.43,0.007506077,33.215,no,no,0.0,14,1,11,16/2-2012
629,yes,0,24.08333,1.62,0.01050802,13.68583,no,no,0.0,12,0,4,22/12-2011
630,yes,0,31.83333,2.4192,0.05800388,116.3525,no,no,,24,1,7,9/2-2010
631,yes,0,24.66667,3.4,0.05114029,144.3975,no,no,0.0,12,1,8,26/5-2010
632,yes,0,47.41667,3.6,,113.75,yes,yes,2.0,120,1,12,4/8-2010
633,yes,0,27.16667,2.5,0.0887728,184.9433,no,no,0.0,12,1,8,27/6-2012
634,yes,0,49.58333,1.75,0.01074229,15.3325,yes,no,1.0,38,1,3,16/3-2011
635,yes,0,32.0,2.5,,113.1808,no,no,0.0,8,1,5,24/7-2011
636,yes,0,35.0,,,37.58333,yes,no,3.0,144,1,3,17/2-2010
637,no,1,26.16667,,,0.0,yes,no,0.0,14,1,20,23/5-2012
638,yes,0,20.66667,2.7,0.06984445,156.9,no,no,,38,1,10,23/10-2010
639,no,0,34.25,2.4,,0.0,no,no,0.0,27,1,2,9/1-2012
640,yes,0,49.83333,6.9,0.06075971,349.2017,yes,no,3.0,160,0,0,8/7-2011
641,yes,0,40.75,4.8,,615.1208,yes,no,3.0,122,1,17,13/10-2012
642,yes,0,20.83333,1.92,0.1300521,208.0833,no,no,0.0,84,1,6,28/2-2012
643,yes,0,40.33333,2.8,0.03813821,88.73917,no,no,3.0,19,0,0,10/4-2010
644,yes,0,25.08333,1.6949,0.02467697,34.52083,no,no,0.0,3,0,16,3/2-2011
645,yes,0,29.33333,3.5,,366.745,no,no,0.0,19,1,0,9/5-2012
646,yes,1,40.5,2.25,0.02382222,44.0,no,no,0.0,86,1,10,23/2-2011
647,no,2,30.75,2.315,0.0005183585,0.0,no,no,1.0,17,1,8,4/9-2011
648,yes,0,30.66667,4.0,,299.8858,yes,no,1.0,37,0,6,23/4-2010
649,yes,0,40.0,4.5,0.09576601,359.1225,no,no,5.0,2,1,0,2/11-2011
650,yes,0,23.0,3.1782,0.09312976,246.5708,no,no,0.0,17,1,3,15/8-2010
651,yes,0,23.08333,3.0,0.02586333,63.99166,no,no,0.0,3,1,0,3/1-2010
652,yes,0,31.33333,,,51.645,yes,no,2.0,44,0,12,15/8-2010
653,no,0,24.58333,,0.0006,0.0,no,no,0.0,7,0,6,18/10-2012
654,yes,0,36.5,3.5,0.2171703,633.4133,yes,no,0.0,95,1,17,14/2-2012
655,yes,0,0.5833333,4.0,0.0726635,242.1283,yes,no,3.0,24,1,4,11/5-2012
656,no,0,28.83333,2.58,0.0004651162999999,0.0,yes,no,0.0,41,1,11,24/7-2010
657,yes,0,45.58333,11.9999,0.02006617,200.4933,yes,yes,1.0,24,1,6,12/7-2012
658,yes,1,0.5,,0.01063703,32.46416,no,no,0.0,186,0,5,12/3-2012
659,no,0,23.25,1.4340000000000002,0.0008368201,0.0,yes,no,0.0,12,1,6,17/1-2010
660,yes,0,38.91667,3.68,0.01952256,59.61917,yes,no,3.0,44,1,11,11/2-2011
661,no,0,23.83333,2.55,0.0004705882,0.0,yes,no,2.0,24,1,0,28/9-2010
662,no,4,37.25,3.5,0.0003428572,0.0,yes,no,2.0,15,1,9,2/2-2010
663,yes,0,28.25,,0.1644965,315.2017,yes,no,,13,0,4,13/3-2012
664,yes,0,26.25,,0.09721233,258.2908,no,no,0.0,10,1,11,27/1-2010
665,yes,0,26.5,2.35,0.0005106383,0.0,no,no,0.0,36,1,11,26/6-2011
666,no,4,25.83333,1.97,0.0006091371,0.0,no,no,0.0,7,1,6,21/7-2012
667,yes,0,41.25,3.6,0.1525236,457.4875,yes,no,3.0,68,1,10,16/5-2011
668,no,1,38.58333,,0.000375,0.0,no,no,2.0,14,1,6,25/3-2012
669,yes,0,34.75,2.0,0.0033,4.5833330000000005,yes,no,2.0,38,1,6,27/6-2012
670,yes,0,31.5,2.85,0.3137003,745.0383,yes,no,2.0,30,1,11,17/1-2010
671,yes,0,24.0,,0.0698588,180.1775,yes,no,1.0,12,1,23,15/7-2010
672,yes,0,25.16667,1.5,0.08980467,111.8392,yes,no,1.0,14,1,19,2/10-2012
673,yes,0,57.08333,,0.1534315,613.6425,yes,no,0.0,138,1,4,20/6-2011
674,yes,0,23.83333,2.6,0.1539746,333.6117,no,no,0.0,6,1,0,23/2-2012
675,yes,0,23.16667,,0.08745825,207.7133,yes,no,1.0,50,0,8,21/8-2011
676,yes,0,28.16667,3.35,0.07162478,199.3692,yes,no,0.0,18,1,2,13/11-2012
677,yes,0,32.58333,,0.05414067,81.435,yes,no,0.0,9,1,22,1/9-2010
678,yes,0,34.83333,,0.03882722,116.315,yes,yes,4.0,48,1,8,16/7-2012
679,no,0,31.08333,1.515,0.0007920792,0.0,no,no,2.0,20,1,0,26/11-2010
680,yes,0,24.83333,2.4,0.26509,530.18,no,no,1.0,24,1,13,21/7-2010
681,no,0,38.66667,,0.0004,0.0,no,no,0.0,36,0,2,12/4-2011
682,no,7,36.91667,3.5,,0.0,yes,no,2.0,60,1,7,20/10-2012
683,yes,0,29.75,3.0,0.046713,116.4492,yes,no,,12,1,8,25/6-2012
684,yes,0,34.75,,0.1833798999999999,357.5908,yes,no,,108,0,11,3/8-2012
685,yes,0,25.08333,2.1,,214.86,no,no,0.0,26,1,17,14/1-2011
686,yes,0,22.16667,1.6,0.1506275,200.5867,yes,no,0.0,27,1,3,20/10-2010
687,yes,0,26.66667,2.216,0.03075632,56.463330000000006,no,no,0.0,10,1,2,13/5-2011
688,yes,0,32.0,3.65,0.0060821919999999,17.66667,yes,no,,20,1,17,21/3-2012
689,no,6,39.33333,3.2,0.000375,0.0,no,no,0.0,88,1,7,12/10-2012
690,no,0,30.91667,,0.0004615385,0.0,no,no,,5,0,0,22/12-2012
691,yes,1,60.08333,6.1,0.0943482,479.4367,yes,no,1.0,244,1,14,28/11-2011
692,no,2,36.41667,3.0,0.0004,0.0,no,no,0.0,74,1,16,24/4-2011
693,yes,0,36.91667,4.5,0.08238,308.925,yes,no,0.0,60,1,16,22/11-2010
694,yes,0,28.83333,2.184,0.07956502,144.6417,yes,no,,5,1,14,9/4-2010
695,no,0,66.5,3.25,0.0003692308,0.0,yes,no,3.0,300,1,13,27/4-2010
696,yes,0,35.16667,2.2,0.1334473,244.6533,yes,no,1.0,13,1,9,27/3-2011
697,yes,0,74.16666,,0.01688936,38.83333,yes,no,0.0,511,1,10,9/12-2012
698,yes,0,28.41667,2.4304,,462.6558,yes,no,,29,1,17,14/6-2011
699,yes,0,55.16667,6.7,0.03858522,214.9342,yes,no,1.0,300,1,13,21/2-2010
700,no,1,38.33333,4.0,0.0003,0.0,yes,yes,3.0,40,1,7,5/6-2010
701,no,0,37.83333,5.16,0.0002325581,0.0,yes,yes,0.0,86,1,1,15/11-2011
702,yes,0,39.66667,5.1,0.05751137,244.4233,yes,no,3.0,132,1,15,19/5-2010
703,yes,0,44.58333,4.2,0.03867167,135.1842,yes,no,,150,0,2,28/6-2010
704,yes,0,30.75,5.6,0.03980107,185.7383,yes,no,,1,0,8,5/2-2010
705,yes,0,23.41667,1.86,,413.5975,no,no,0.0,3,1,4,14/7-2012
706,no,0,27.41667,1.64,,0.0,no,no,0.0,104,1,0,16/12-2011
707,yes,0,51.91667,6.8,0.002705882,14.666670000000002,no,no,,38,0,5,17/6-2010
708,yes,0,22.83333,,0.011423,16.91333,no,no,,48,1,4,7/5-2010
709,no,0,22.5,1.8,0.0006666667,0.0,no,no,2.0,4,1,0,21/8-2012
710,no,1,36.83333,3.0,0.0004,0.0,yes,no,,12,1,16,17/9-2011
711,yes,0,36.41667,2.2,0.01145455,20.33333,yes,no,0.0,77,1,0,24/4-2012
712,no,1,22.75,,,0.0,no,no,0.0,6,1,2,19/7-2010
713,yes,0,32.0,2.6,0.0029615379999999,5.5833330000000005,no,no,,84,1,21,25/8-2010
714,no,0,27.08333,2.0,0.0006,0.0,no,no,0.0,24,1,4,24/3-2011
715,yes,0,38.33333,5.0,0.0572476,238.365,yes,no,3.0,9,1,0,6/1-2011
716,yes,0,28.66667,4.22,0.08559075,300.9942,yes,no,1.0,22,1,3,4/2-2011
717,yes,0,38.16667,4.0188,0.1649273,552.3417,no,no,3.0,102,0,3,10/8-2011
718,yes,0,26.08333,3.0,0.045469,113.5892,no,no,0.0,28,1,8,6/6-2012
719,yes,0,22.0,,0.03821515,99.91666,no,no,0.0,14,0,3,28/4-2012
720,yes,0,23.5,2.8,0.06339286,147.3333,no,no,,64,1,8,10/1-2012
721,yes,0,29.58333,2.86,0.2015342999999999,480.3233,no,no,0.0,47,1,1,22/6-2010
722,yes,0,23.08333,2.04,,304.895,no,no,,12,1,9,13/1-2010
723,yes,0,33.83333,3.5,0.02189943,63.45667,yes,no,0.0,12,1,8,13/3-2010
724,yes,0,64.58334,,0.02533895,149.7,yes,no,1.0,241,1,8,12/10-2010
725,no,0,23.5,2.5,0.0004799999999999,0.0,no,no,0.0,36,0,0,18/5-2012
726,yes,0,23.83333,,0.06044576,166.0592,no,no,,2,1,5,17/6-2010
727,yes,0,36.91667,2.2,0.08092181,148.19,no,no,1.0,8,1,4,18/4-2012
728,yes,1,38.25,,0.04545781,121.2208,yes,no,1.0,84,0,12,9/3-2010
729,yes,0,22.0,4.0,0.0480585,160.0283,yes,no,0.0,27,1,4,26/12-2010
730,yes,0,38.5,5.5689,0.04341593,201.4825,no,no,3.0,30,1,7,10/11-2010
731,yes,0,36.58333,7.0,0.01020614,59.11917,yes,no,3.0,18,1,5,13/2-2011
732,no,1,26.25,2.3,0.0005217391,0.0,no,no,0.0,66,1,3,23/12-2010
733,yes,0,21.5,5.5,0.07795545,356.8792,no,no,0.0,50,1,0,3/5-2011
734,yes,1,41.41667,2.5,0.07657401,159.1958,no,yes,,131,0,3,17/8-2011
735,no,1,40.83333,,0.0004799999999999,0.0,yes,no,1.0,96,1,8,18/10-2012
736,yes,0,25.16667,,0.01700675,112.8783,yes,no,2.0,18,1,0,21/3-2012
737,yes,0,23.5,1.83,0.07156994,108.9775,no,no,1.0,12,0,10,26/8-2010
738,yes,0,27.25,,0.03821552,91.6875,no,no,0.0,9,0,3,20/3-2010
739,no,3,38.75,,0.0002553191,0.0,yes,no,,36,1,8,18/8-2012
740,no,2,23.08333,1.725,0.0006956522,0.0,no,no,,204,0,5,23/2-2010
741,no,0,37.25,1.5548,,0.0,no,no,1.0,36,1,0,5/8-2010
742,yes,0,41.58333,,0.1451636,462.0208,no,no,2.0,36,1,2,21/9-2010
743,yes,0,52.41667,2.4,0.06928459,138.5692,no,yes,1.0,96,1,2,3/7-2012
744,yes,0,31.75,2.4,0.1869583,373.4167,no,no,1.0,54,0,1,25/7-2010
745,yes,0,36.0,3.0,0.121849,304.6225,no,no,1.0,180,1,5,12/9-2012
746,yes,0,21.41667,1.6,0.2893312,385.775,no,no,0.0,192,1,3,3/11-2010
747,yes,0,42.08333,2.68,0.1430284,319.43,no,no,,84,1,0,4/6-2011
748,yes,0,32.33333,6.3,0.08876603,465.9383,no,yes,,60,1,7,5/5-2012
749,yes,0,24.25,1.6,0.04509,59.78667,no,no,0.0,43,1,2,28/9-2012
750,yes,0,32.25,2.6,0.07879038,170.4625,no,no,1.0,76,0,3,28/7-2010
751,yes,0,28.91667,2.1,,242.195,no,no,2.0,24,1,7,25/1-2010
752,no,1,28.33333,1.9324,0.0006209894,0.0,no,no,,74,1,4,3/11-2011
753,yes,0,23.16667,,0.2298219999999999,478.7125,yes,no,0.0,12,1,4,16/12-2010
754,no,1,44.58333,1.8,0.0006666667,0.0,no,yes,0.0,60,1,2,3/10-2010
755,yes,0,31.41667,3.56,0.03320618,98.345,no,no,0.0,72,1,9,8/8-2011
756,yes,0,24.91667,3.4,,301.0175,no,no,0.0,17,1,7,2/1-2010
757,yes,0,28.25,,0.2395941,509.0542,no,no,1.0,90,1,3,3/4-2011
758,yes,0,47.41667,,0.0448939,183.8983,yes,yes,1.0,288,1,14,25/6-2010
759,yes,0,26.41667,3.9,,46.52333,no,no,0.0,30,1,13,22/3-2011
760,yes,0,37.08333,,,256.1867,no,no,,12,0,0,16/3-2010
761,yes,0,54.41667,9.0,0.06282978,470.9733,yes,no,3.0,147,1,6,24/8-2011
762,yes,0,35.25,6.0,0.4582348,2291.174,no,no,2.0,10,1,0,23/8-2010
763,yes,0,35.5,7.5,0.0205616,128.4267,yes,no,4.0,19,1,12,18/10-2010
764,yes,0,44.5,9.0,0.2599927,1949.862,no,no,2.0,4,1,7,28/6-2010
765,yes,0,20.16667,2.1,0.1538495,269.1533,no,no,1.0,27,0,6,7/9-2010
766,yes,0,23.75,,0.016826,41.48167,no,no,3.0,18,1,3,4/2-2010
767,yes,0,27.58333,2.6,0.03666654,79.36083,no,no,0.0,168,1,5,5/6-2012
768,yes,0,54.75,5.48,0.1342037,612.8633,yes,no,,146,1,4,7/11-2010
769,yes,0,40.33333,8.2,0.02820012,192.4508,yes,no,3.0,172,1,15,3/10-2010
770,yes,1,32.83333,,0.1573136,327.7367,no,no,0.0,147,1,3,1/8-2010
771,yes,0,28.5,,0.07104634,177.6158,yes,no,0.0,20,1,0,7/6-2010
772,yes,0,35.5,6.5,0.067598,365.9058,yes,no,0.0,6,1,0,24/2-2010
773,yes,1,56.75,,0.006669308,41.33333,yes,yes,2.0,39,1,18,24/7-2011
774,yes,1,28.16667,2.0,0.0518389999999999,86.14833,no,no,1.0,61,1,2,6/9-2010
775,no,3,31.0,3.25,0.0003692308,0.0,no,no,,72,1,7,18/2-2012
776,no,2,24.0,3.0,0.0004,0.0,no,no,,24,1,4,14/4-2010
777,yes,0,40.75,7.0,,376.765,no,no,,6,1,2,26/4-2012
778,no,7,33.0,,0.00016,0.0,no,no,0.0,24,1,8,17/6-2012
779,yes,0,38.41667,3.8,0.05987158,189.1767,yes,no,0.0,23,1,6,27/5-2012
780,yes,0,25.91667,3.7,0.08436351,260.1208,yes,no,0.0,236,1,6,20/1-2012
781,yes,0,33.16667,3.4,,406.9792,yes,no,,36,1,7,22/7-2011
782,no,1,27.91667,2.85,0.0004210526,0.0,no,no,0.0,60,0,7,7/2-2010
783,yes,0,28.33333,,0.05487154,118.7217,no,no,,33,1,4,14/11-2012
784,yes,0,22.08333,1.5659999999999998,0.07067624,91.7325,no,no,0.0,18,1,1,24/8-2010
785,yes,0,24.25,1.8,0.1336027999999999,200.2375,yes,no,0.0,151,1,5,12/3-2012
786,yes,0,39.41667,3.1,0.1696903,438.3667,yes,no,2.0,18,1,3,22/2-2010
787,no,0,25.41667,1.5,0.0008,0.0,no,yes,4.0,48,0,1,19/3-2011
788,yes,1,19.0,2.19,0.3406356,621.66,no,no,,59,1,2,2/2-2010
789,yes,0,31.25,,0.0708628999999999,324.705,yes,no,,6,1,7,22/7-2012
790,yes,0,31.91667,4.4,0.04042523,148.0592,yes,no,2.0,72,1,8,2/1-2010
791,yes,0,33.25,3.0,0.3761903,940.3925,yes,no,2.0,97,1,4,24/11-2010
792,yes,1,26.33333,,,325.85,no,no,0.0,24,1,5,2/9-2012
793,yes,0,26.66667,1.6,0.02353625,30.54833,yes,no,0.0,24,1,5,25/7-2010
794,yes,0,22.41667,2.0,0.115791,192.8183,no,no,0.0,8,1,8,24/6-2012
795,yes,0,25.08333,2.8542,0.1362319,324.0275,no,yes,1.0,42,1,3,16/12-2011
796,yes,0,26.66667,,0.05026682,91.98917,no,no,,42,1,8,23/9-2010
797,yes,0,29.41667,,0.08789534,267.3483,no,no,0.0,24,1,17,24/9-2010
798,no,9,35.08333,1.7,0.0007058823,0.0,no,no,0.0,90,1,10,4/10-2010
799,yes,0,57.33333,1.65,0.009515151,12.25,no,no,0.0,24,1,3,19/10-2012
800,yes,0,52.16667,2.66,0.04462218,98.57916,yes,no,3.0,228,1,0,23/8-2010
801,yes,0,41.83333,2.75,0.019072,43.20667,yes,no,1.0,136,0,9,23/11-2011
802,yes,0,39.41667,1.56,0.04665384,60.06667,no,no,,25,1,3,18/3-2011
803,no,1,56.75,8.0,0.00015,0.0,yes,no,0.0,408,1,7,20/8-2012
804,yes,0,28.25,,,187.1425,yes,no,1.0,91,1,1,28/4-2012
805,yes,0,38.08333,4.0,,29.975,yes,no,0.0,16,1,8,12/5-2010
806,yes,0,55.08333,,0.07986075,445.8058,yes,no,0.0,35,1,0,21/12-2011
807,yes,0,29.33333,2.5,0.1795447999999999,374.0517,yes,no,,70,1,9,5/11-2011
808,yes,0,19.83333,3.0,0.0004,0.0,no,no,,49,1,3,24/5-2012
809,yes,0,25.25,3.2,0.04542718,121.0558,no,no,0.0,4,1,6,26/7-2012
810,yes,0,27.25,3.18,0.09087579,240.8208,no,no,,12,0,0,28/6-2011
811,yes,0,27.5,,,82.3425,yes,no,0.0,23,1,9,6/1-2012
812,yes,1,26.0,1.7305,0.09120428,131.5242,no,no,0.0,8,1,10,9/8-2012
813,yes,0,25.91667,2.4,0.1078696,215.7392,no,no,0.0,150,1,18,6/6-2011
814,no,1,32.25,,0.0005333333,0.0,no,no,,42,0,13,27/10-2010
815,yes,0,43.33333,,0.1571475,517.2117,yes,no,6.0,3,0,0,27/2-2012
816,yes,0,34.91667,3.0,0.01464867,36.205,no,no,1.0,30,0,2,21/2-2012
817,yes,0,27.75,2.65,0.07259849,159.655,no,no,,8,1,0,20/5-2012
818,no,5,28.0,2.236,0.0005366727,0.0,no,no,0.0,72,1,11,25/7-2011
819,yes,0,39.41667,,0.06314021,247.2992,yes,no,4.0,12,1,10,20/4-2011
820,yes,0,40.83333,3.48,0.00768908,21.715,no,no,0.0,28,1,22,21/6-2012
821,yes,0,23.33333,2.55,0.007960784,16.25,no,no,1.0,6,1,0,23/9-2011
822,yes,1,43.58333,2.77,0.04364765,100.3367,yes,no,0.0,44,1,14,9/2-2010
823,yes,0,47.83333,,0.02505766,64.75584,no,no,,7,1,16,22/6-2012
824,yes,0,18.75,,0.06387195,103.9167,no,no,0.0,64,0,1,13/3-2010
825,yes,1,21.16667,,0.1925344,288.8017,no,no,0.0,192,1,8,11/9-2011
826,no,1,54.83333,9.4,0.0001276595999999,0.0,yes,no,1.0,94,0,2,23/12-2010
827,yes,0,35.5,5.5,0.01289636,58.60833,no,no,0.0,36,1,2,20/7-2010
828,no,0,24.16667,,0.0008,0.0,no,no,0.0,18,1,0,7/11-2010
829,yes,0,24.83333,,,387.1742,no,no,1.0,18,1,4,2/9-2011
830,yes,0,23.83333,2.35,0.06976553,136.0408,no,no,,25,1,9,26/10-2012
831,yes,0,39.91667,4.6,0.02751957,105.325,no,no,,4,1,1,18/4-2012
832,yes,0,31.75,,0.01070092,97.42416,no,no,,12,1,0,10/3-2010
833,yes,0,62.5,2.6545,0.1037453,229.4933,no,no,0.0,100,1,1,1/3-2011
834,yes,1,36.33333,7.35,0.07122857,436.275,no,no,,51,0,14,14/9-2010
835,yes,0,23.0,3.2,0.01710906,45.12417,no,no,0.0,14,1,0,8/10-2010
836,yes,0,28.33333,,0.06892936,355.9683,yes,no,0.0,18,1,9,12/1-2012
837,yes,1,38.0,3.27,0.2386927,650.4375,no,no,2.0,7,1,3,7/6-2012
838,yes,2,49.16667,,0.143523,442.4458,no,no,4.0,216,1,11,26/9-2012
839,yes,0,50.91667,1.75,,310.8417,no,no,,36,1,1,26/9-2011
840,no,0,23.58333,2.425,0.0004948454,0.0,no,yes,,132,1,1,3/11-2010
841,no,1,29.0,2.7,0.0004444444,0.0,no,no,1.0,347,0,1,27/10-2011
842,yes,0,45.25,3.7,0.1384322,426.8325,no,no,0.0,24,1,2,20/9-2011
843,yes,0,31.66667,3.2,0.01378125,36.25,no,no,1.0,12,1,1,20/9-2011
844,yes,0,31.83333,3.1,0.1304741999999999,337.0583,no,no,1.0,52,1,3,21/6-2011
845,no,0,37.58333,,,0.0,no,no,0.0,132,1,0,14/3-2010
846,yes,3,27.58333,5.5,,1010.502,no,yes,0.0,72,1,11,11/11-2011
847,no,0,36.08333,4.1,0.0002926829,0.0,yes,no,2.0,30,1,0,20/12-2012
848,yes,0,38.33333,3.0,0.2273639999999999,568.2433,yes,no,,46,1,2,4/11-2010
849,yes,0,25.5,2.8,0.1980021,461.9217,no,no,0.0,66,1,3,17/7-2012
850,yes,0,41.5,5.1,0.03296432,140.015,no,no,1.0,63,1,4,20/1-2010
851,yes,0,34.58333,7.0,0.03546543,206.3817,no,yes,6.0,63,1,3,3/4-2011
852,yes,0,24.5,2.3040000000000003,,719.5059,no,no,0.0,76,1,2,25/3-2012
853,yes,0,32.16667,,0.2000322,383.3117,no,no,,63,1,6,10/11-2011
854,no,1,24.58333,1.9,,0.0,no,no,,14,0,4,5/11-2011
855,yes,0,23.83333,2.3,0.1386009,265.6517,no,no,0.0,6,1,3,27/3-2012
856,no,1,22.66667,1.5,,0.0,no,no,3.0,14,1,4,10/6-2010
857,yes,0,26.08333,,0.142851,282.7258,no,yes,,114,1,1,16/9-2011
858,yes,0,30.16667,,0.1643857,383.5667,no,no,0.0,12,1,6,15/3-2012
859,yes,0,27.08333,2.5224,0.2354364999999999,494.8875,no,no,1.0,100,1,3,19/8-2011
860,yes,0,27.16667,2.2,0.007309545,12.65083,no,no,0.0,60,0,2,16/6-2012
861,yes,0,32.41667,3.2,0.1192053,317.4642,no,no,0.0,30,1,1,24/11-2012
862,yes,0,32.5,3.7,0.003456757,9.741667,no,no,,86,1,8,21/1-2012
863,yes,0,46.0,,0.0335,49.41667,no,no,1.0,168,1,2,3/11-2010
864,no,2,47.0,2.35,0.0005106383,0.0,no,no,0.0,159,1,4,22/3-2010
865,yes,0,22.75,1.82,0.5418599000000001,821.8208,no,no,0.0,93,1,2,26/5-2012
866,yes,0,42.08333,5.5,0.07068036,323.9517,no,no,0.0,98,1,4,8/11-2010
867,no,12,30.41667,2.6,0.0004615385,0.0,no,no,0.0,228,1,14,5/1-2011
868,yes,0,21.41667,2.15,0.2658507,476.3158,no,no,0.0,30,1,0,19/12-2011
869,yes,0,36.66667,3.8,0.03591921,112.9942,yes,no,3.0,77,1,4,18/9-2010
870,yes,0,37.16667,2.0,,44.46333,no,no,1.0,38,0,3,14/4-2011
871,yes,2,26.58333,,0.1217171,248.5058,no,no,,5,1,15,17/7-2011
872,yes,1,46.41667,3.5,,319.7925,yes,no,1.0,121,0,5,5/8-2011
873,yes,0,25.58333,2.8,,758.9391,no,no,0.0,2,1,7,4/3-2011
874,yes,1,30.33333,,0.2490915,412.9933,no,no,0.0,82,1,8,7/8-2012
875,no,0,27.5,2.0,0.0006,0.0,no,no,0.0,48,1,0,24/12-2011
876,yes,0,21.0,,0.07551762,131.9892,yes,no,0.0,194,1,5,20/4-2011
877,yes,0,20.0,,,52.48917,no,no,0.0,86,1,5,24/3-2010
878,yes,0,23.25,,0.1166047,225.2692,no,no,0.0,3,1,8,25/6-2012
879,yes,0,45.08333,4.6,0.07776695,298.0233,no,no,2.0,72,1,5,5/6-2012
880,no,1,26.5,2.0,0.0006,0.0,yes,no,2.0,60,1,7,8/8-2012
881,yes,0,29.75,3.0,0.06942033,173.4675,no,no,1.0,60,1,1,21/1-2011
882,yes,0,52.33333,,0.02882272,79.685,yes,no,1.0,243,1,3,11/6-2012
883,yes,0,41.66667,2.4752,0.06724951,138.5467,no,no,2.0,222,0,10,2/7-2012
884,yes,0,22.75,,0.1578128,565.3292,no,no,0.0,12,1,11,16/3-2010
885,no,0,33.0,1.77,0.0006779661,0.0,no,no,0.0,102,1,1,21/5-2010
886,yes,1,29.83333,2.45,,220.8942,no,no,2.0,84,1,13,22/3-2011
887,yes,0,20.25,1.85,0.3426108,527.9417,yes,no,0.0,96,1,2,2/11-2011
888,yes,0,26.08333,2.23,0.05652018,104.7833,no,no,0.0,12,1,1,16/1-2010
889,no,0,22.5,2.5,0.0004799999999999,0.0,no,no,3.0,30,0,0,10/4-2010
890,yes,3,32.83333,,0.1596184,466.3475,no,no,0.0,22,1,9,10/8-2010
891,yes,0,27.33333,3.2875,0.03242008,88.8175,no,no,1.0,54,1,12,11/4-2012
892,yes,0,28.5,4.232,0.1239747,437.1342,no,yes,0.0,30,1,5,10/6-2010
893,no,1,36.91667,1.85,0.0006486487,0.0,no,no,2.0,192,1,2,20/1-2010
894,yes,0,26.0,,0.06259273,114.2533,no,no,1.0,28,1,10,22/10-2010
895,no,0,41.83333,,0.0003428572,0.0,no,no,0.0,54,1,0,18/11-2010
896,yes,0,23.75,3.0,0.1172833,293.0417,no,no,,14,1,0,19/7-2011
897,yes,0,25.25,1.8,0.4559922999999999,683.9883,yes,no,,98,1,2,8/7-2011
898,yes,0,25.66667,1.7,,113.0992,no,no,1.0,27,1,8,26/10-2010
899,yes,0,29.0,5.5,0.062952,288.3633,no,no,,18,1,3,10/11-2010
900,yes,0,40.58333,2.5685,0.05233015,111.675,no,no,0.0,54,1,3,6/9-2012
901,no,2,59.0,3.5,0.0003428572,0.0,no,no,,365,0,5,20/8-2011
902,yes,0,37.41667,2.5,0.0726416,151.3367,no,no,0.0,15,1,2,3/3-2011
903,yes,0,30.83333,3.3026,0.001998425,4.5833330000000005,no,no,1.0,90,1,4,28/7-2012
904,yes,0,29.83333,2.25,,199.795,no,no,0.0,36,1,0,27/12-2011
905,yes,1,32.5,10.0,0.03704,308.25,yes,no,3.0,35,1,4,16/8-2011
906,yes,0,25.5,,0.08015586,193.2933,no,no,0.0,2,1,0,3/3-2012
907,no,2,36.33333,2.95,0.0004067797,0.0,no,no,1.0,72,1,3,25/12-2011
908,no,0,25.33333,,0.00075,0.0,no,no,0.0,93,1,0,3/10-2012
909,yes,0,28.5,3.4,0.02121324,59.85417,no,no,0.0,207,1,4,24/11-2012
910,no,4,22.0,2.1,0.0005714286,0.0,yes,no,0.0,209,1,10,23/2-2010
911,yes,0,27.58333,3.2,0.1177561999999999,313.4333,no,no,,24,1,2,18/4-2012
912,no,0,29.33333,3.5,0.0003428572,0.0,no,no,6.0,0,1,2,14/9-2010
913,yes,0,31.5,2.47,0.09478866,195.0233,no,no,3.0,94,1,2,1/12-2012
914,yes,0,27.66667,,0.07505192,162.4458,no,no,2.0,60,1,6,19/2-2012
915,no,2,39.16667,4.0248,,0.0,no,no,1.0,84,1,4,16/10-2012
916,yes,0,22.66667,2.1,0.1797089999999999,314.4908,no,no,0.0,12,0,4,6/12-2010
917,yes,0,30.08333,1.95,0.1804297999999999,292.9483,no,no,0.0,50,1,10,22/6-2012
918,no,0,34.16667,3.5995,,0.0,no,no,4.0,14,1,0,13/2-2010
919,no,2,42.83333,3.7,0.0003243243,0.0,no,no,4.0,84,0,3,1/6-2010
920,yes,0,31.58333,3.0,0.2136177,533.6275,no,no,,7,1,1,23/9-2012
921,yes,0,32.33333,4.5,0.09166333,343.6542,no,no,0.0,48,1,4,16/5-2012
922,no,11,24.75,2.3,0.0005217391,0.0,no,no,,24,1,12,13/9-2012
923,yes,0,45.16667,3.5,,397.0333,yes,no,0.0,234,0,2,17/9-2011
924,yes,0,25.41667,,0.04128572,71.66666,yes,no,0.0,44,1,5,11/5-2011
925,yes,0,40.75,5.0,0.1209914,503.5475,no,no,0.0,38,1,19,19/5-2010
926,yes,0,40.16667,2.45,,142.5142,no,no,0.0,180,1,0,20/7-2010
927,yes,0,41.41667,,0.003142857,8.333333,no,no,1.0,120,1,9,2/5-2012
928,yes,0,24.5,,0.2339912,487.4817,no,no,0.0,15,0,1,8/3-2010
929,no,11,30.33333,,,0.0,no,no,0.0,108,1,16,15/4-2011
930,yes,0,25.16667,,0.1594194,352.8483,yes,no,0.0,96,1,0,3/7-2010
931,no,0,28.33333,2.5,0.0004799999999999,0.0,no,no,,82,1,0,3/2-2012
932,no,0,28.41667,2.0,0.0006,0.0,no,no,0.0,108,1,0,11/6-2010
933,yes,0,25.08333,3.52,0.02107955,61.16667,no,no,0.0,15,1,3,22/1-2010
934,yes,1,23.25,1.8769,0.3536299,553.1067,no,no,0.0,12,1,3,5/10-2010
935,yes,0,21.25,2.25,0.03186978,59.08916,no,no,0.0,15,1,1,21/10-2011
936,yes,0,39.83333,,0.0930713,132.4717,no,no,0.0,72,1,0,12/8-2011
937,yes,0,25.75,4.0,0.026998,89.82667,no,no,0.0,60,0,5,23/5-2010
938,yes,0,25.25,2.16,0.02055556,36.33333,no,no,0.0,38,0,2,6/3-2011
939,yes,2,40.41667,,0.03977939,108.9767,no,no,1.0,58,1,14,19/11-2011
940,yes,0,37.66667,,,64.56,yes,no,,96,1,5,8/12-2010
941,yes,0,25.25,,0.1102229,192.64,no,no,0.0,4,1,8,26/6-2010
942,yes,0,41.66667,3.0,0.05293967,131.7658,yes,no,0.0,166,1,7,8/11-2010
943,yes,1,24.25,3.5,,203.8917,no,no,0.0,60,1,11,23/11-2011
944,no,0,22.91667,2.07,0.0005797101,0.0,no,no,0.0,1,1,0,2/2-2012
945,yes,0,19.0,,0.1672142999999999,390.1667,yes,no,0.0,10,0,0,15/7-2010
946,yes,0,57.08333,5.0,0.0002399999999999,0.0,yes,yes,0.0,144,1,7,1/8-2011
947,yes,0,33.91667,2.1888,0.1483196,270.3683,no,no,,15,1,7,25/8-2012
948,no,14,48.25,,0.0006,0.0,yes,no,1.0,120,1,15,20/5-2010
949,yes,1,48.75,2.7,0.0004444444,0.0,no,yes,,120,1,3,24/10-2011
950,yes,0,28.91667,2.69,0.1571033,352.1733,no,no,1.0,62,0,0,27/4-2011
951,yes,1,40.83333,,0.05783512,179.7708,yes,no,1.0,151,1,7,16/4-2011
952,yes,0,32.83333,,,156.0892,yes,no,2.0,8,0,2,10/5-2012
953,yes,0,44.33333,4.3,0.01639512,57.91583000000001,yes,no,3.0,156,1,9,20/12-2010
954,yes,0,38.16667,,0.04493018,205.5133,yes,no,4.0,99,1,9,10/10-2011
955,yes,0,37.33333,,0.03028024,149.2992,yes,no,2.0,48,1,7,17/2-2012
956,yes,1,44.25,7.6,0.04906355,310.7358,yes,no,6.0,207,1,11,24/5-2010
957,yes,0,18.16667,,,97.94,no,no,0.0,2,0,1,7/1-2011
958,yes,0,24.58333,2.2,0.06938273,127.1183,yes,no,,229,0,1,2/5-2011
959,yes,0,47.5,,0.09956446,220.7925,yes,no,,269,1,8,13/6-2012
960,no,3,31.66667,7.5,0.00016,0.0,no,no,,30,1,7,8/8-2011
961,yes,0,33.08333,4.0,0.2564355,854.785,yes,no,,42,1,4,8/3-2012
962,yes,0,31.58333,6.5,0.1113085,602.9208,yes,no,,12,1,6,13/11-2011
963,yes,0,38.41667,,0.0934841,436.2592,yes,no,4.0,114,0,7,19/7-2011
964,no,0,19.58333,2.1,0.0005714286,0.0,no,no,0.0,124,1,2,7/11-2010
965,yes,0,35.33333,,,67.0975,yes,no,1.0,14,1,0,13/2-2012
966,yes,0,29.25,,0.04510837,94.26833,no,no,1.0,12,0,0,6/5-2010
967,yes,2,46.0,10.032,0.01013447,84.39083000000001,yes,no,,134,1,15,21/6-2010
968,yes,0,19.91667,3.5,0.06020943,175.4442,no,no,1.0,24,1,3,14/5-2012
969,yes,0,22.83333,3.5,0.04541571,132.1292,no,yes,0.0,8,1,3,7/7-2010
970,yes,0,24.33333,3.9,0.09410384,305.8375,no,no,2.0,27,1,0,22/8-2010
971,yes,0,18.5,2.5,0.2115316,440.6908,no,no,,4,0,1,4/6-2012
972,yes,0,49.16667,5.2,0.146526,634.8625,yes,no,1.0,303,1,11,10/10-2010
973,no,0,47.75,1.5,0.0008,0.0,yes,no,0.0,60,1,0,15/6-2011
974,yes,0,49.16667,9.9999,0.01116311,92.44167,yes,no,4.0,218,0,12,17/5-2012
975,yes,0,57.58333,4.1,0.08389854,286.57,yes,no,3.0,121,1,15,27/10-2011
976,yes,0,24.58333,2.2,0.06601682,121.0308,no,no,0.0,22,1,6,28/4-2010
977,yes,0,26.41667,4.38,0.03736278,136.1242,yes,no,5.0,24,1,6,16/10-2010
978,no,5,38.25,,0.0004828584999999,0.0,no,no,2.0,24,1,10,17/4-2011
979,yes,1,29.58333,6.6,0.09274364,510.09,yes,no,0.0,24,1,14,23/8-2011
980,yes,1,30.66667,2.74,,42.31083,yes,no,3.0,76,1,8,12/1-2012
981,yes,1,58.91667,,0.003222222,6.416667,yes,no,0.0,252,1,8,14/1-2011
982,yes,0,38.5,,0.00294316,7.0833330000000005,no,no,,18,1,0,21/8-2010
983,yes,0,45.66667,5.8,0.03306483,159.73,yes,no,0.0,118,1,6,9/8-2010
984,yes,0,25.83333,,0.0598015999999999,124.5033,no,no,0.0,6,0,0,2/11-2012
985,yes,0,30.0,3.5,,1028.961,yes,no,0.0,6,0,2,6/3-2011
986,no,0,80.16666,1.5,0.0008,0.0,no,no,0.0,24,1,0,13/5-2011
987,no,0,25.58333,1.75,0.0006857142999999,0.0,no,no,0.0,108,0,0,25/10-2012
988,no,5,40.08333,,0.0002727273,0.0,yes,no,,84,1,15,3/3-2012
989,yes,0,42.08333,,0.01847894,71.95917,yes,yes,3.0,150,1,2,4/6-2011
990,yes,0,49.0,3.3,0.04070939,111.6175,yes,no,,252,1,0,15/10-2012
991,yes,0,44.0,5.8,0.07990742,386.0525,yes,no,4.0,25,1,16,17/1-2010
992,no,1,43.16667,5.32,0.0002255639,0.0,yes,no,5.0,110,1,7,2/6-2010
993,yes,0,25.0,,0.0315875,62.50833000000001,no,no,0.0,192,1,9,1/4-2011
994,yes,0,43.83333,3.25,0.05890216,159.36,yes,no,2.0,109,1,6,2/11-2012
995,yes,0,24.5,3.06,0.1705402,434.8775,no,no,0.0,3,1,0,14/8-2010
996,yes,0,39.5,,0.016231,40.3275,yes,no,3.0,14,1,9,23/11-2010
997,yes,0,25.66667,2.2,0.02147727,38.70833,yes,no,1.0,26,1,7,9/4-2012
998,yes,0,43.66667,3.0,0.02302267,57.30667,yes,no,1.0,3,1,5,21/8-2011
999,yes,0,46.33333,4.2,,30.44583,yes,no,1.0,216,1,27,24/6-2012
1000,yes,0,34.16667,,0.05412025,106.7208,yes,no,0.0,38,1,13,16/9-2010
1001,yes,1,38.83333,,,181.4142,yes,no,0.0,138,1,8,20/1-2010
1002,yes,1,37.08333,5.49,,732.9792,yes,no,,60,1,19,3/5-2011
1003,yes,0,19.5,2.98,0.0004026846,0.0,no,no,,18,1,0,18/9-2011
1004,no,0,27.41667,3.6,0.0003333333,0.0,no,no,0.0,18,1,2,27/11-2011
1005,yes,0,39.91667,2.25,0.05117067,95.52834,yes,no,0.0,240,1,7,17/8-2010
1006,yes,0,45.66667,,0.333848,896.9384,yes,no,5.0,168,0,9,6/3-2012
1007,yes,0,52.16667,5.0,0.0204977999999999,85.24083,yes,no,1.0,201,0,16,16/5-2011
1008,no,3,34.75,2.67,0.0004494382,0.0,no,no,0.0,51,1,25,19/4-2010
1009,yes,0,30.08333,3.75,,298.4783,yes,no,1.0,12,1,9,11/2-2010
1010,yes,0,61.58333,3.75,,0.0,yes,no,,288,1,5,2/1-2010
1011,yes,0,32.66667,,0.004068919,11.7125,yes,no,2.0,30,1,15,23/8-2011
1012,yes,0,38.83333,,0.02411576,65.81834,yes,no,3.0,188,1,19,19/4-2011
1013,yes,0,37.08333,7.0,,898.4258,yes,no,,24,1,8,24/11-2011
1014,yes,2,33.5,3.3748,0.1758282,494.4875,no,no,1.0,66,1,15,10/7-2012
1015,no,0,30.08333,3.12,0.0003846154,0.0,no,no,2.0,12,0,5,28/12-2012
1016,yes,0,42.66667,2.59,0.03148378,67.53584000000001,yes,yes,,96,1,5,22/5-2011
1017,yes,2,29.41667,,0.07229714,126.1033,yes,no,3.0,90,0,5,5/3-2011
1018,yes,0,52.66667,3.0,0.039573,98.6825,yes,no,1.0,220,1,8,27/12-2012
1019,yes,0,29.83333,3.0,,264.9658,yes,no,1.0,51,0,11,16/6-2011
1020,yes,0,45.75,4.4,0.004863637,17.08333,yes,no,3.0,12,1,18,4/10-2010
1021,yes,0,30.16667,3.1,0.1816442,469.2475,yes,no,2.0,40,1,15,25/10-2011
1022,yes,0,30.83333,2.98,0.04374329,108.2958,no,no,3.0,36,1,9,28/2-2011
1023,yes,0,22.25,2.8,0.2532993,590.9484,yes,no,1.0,6,1,7,21/4-2011
1024,no,0,37.16667,,,0.0,no,no,2.0,52,1,0,21/11-2010
1025,yes,0,22.0,3.2905,0.01756572,48.08333,no,no,2.0,21,1,5,20/3-2012
1026,yes,0,29.0,2.7,,0.0,no,no,0.0,24,1,20,9/9-2012
1027,yes,0,28.33333,3.9,0.04364769,141.6883,yes,no,1.0,49,1,17,19/12-2010
1028,no,5,27.16667,1.8,0.0006666667,0.0,no,no,2.0,34,1,7,10/2-2012
1029,yes,0,31.33333,3.2,,109.6092,no,no,2.0,17,1,0,3/6-2012
1030,yes,0,32.66667,,0.5383649,1637.527,yes,no,1.0,32,1,7,27/12-2011
1031,yes,0,30.58333,3.5,0.03930543,114.5575,no,no,5.0,57,1,9,19/7-2011
1032,yes,0,40.66667,4.77,,11.6725,yes,no,0.0,144,1,10,12/4-2012
1033,yes,0,39.08333,,0.006554524,22.3575,yes,no,0.0,24,1,5,3/4-2012
1034,no,10,43.25,5.0,0.0002399999999999,0.0,yes,yes,4.0,144,1,11,20/9-2011
1035,yes,0,24.75,2.0,0.0549975,91.4125,yes,yes,,24,0,10,15/11-2011
1036,yes,0,26.5,2.6,0.1106476999999999,239.4867,yes,no,0.0,12,1,13,19/3-2012
1037,yes,0,61.16667,,0.0457034,190.4308,yes,no,2.0,6,0,0,24/4-2011
1038,yes,0,44.08333,4.0,0.02011975,66.7325,yes,yes,2.0,120,1,12,18/6-2011
1039,yes,0,61.08333,5.3726,0.04957879,221.8892,yes,yes,,12,1,0,21/1-2011
1040,yes,0,40.66667,,0.1966153,446.415,no,no,,36,1,14,20/1-2012
1041,yes,0,20.83333,,0.5535178000000001,830.2767,no,no,0.0,5,0,0,23/7-2012
1042,yes,0,45.91667,4.0,0.03421425,113.6308,yes,no,2.0,24,0,16,26/5-2011
1043,yes,0,26.83333,2.1,,0.0,no,no,2.0,30,1,18,3/5-2011
1044,no,0,33.58333,,0.0004705882,0.0,no,no,,36,1,0,15/2-2011
1045,yes,0,30.66667,,0.0611788,127.3725,yes,no,1.0,24,1,23,1/9-2011
1046,yes,0,23.91667,2.0,0.100191,166.9017,no,no,,9,1,0,5/7-2010
1047,yes,0,34.83333,3.0,0.126377,315.9425,no,no,6.0,12,0,16,16/3-2012
1048,yes,0,38.58333,2.6,0.07939731,171.8608,yes,no,0.0,51,1,9,10/8-2010
1049,yes,1,35.83333,,,46.60583,no,yes,1.0,37,1,13,12/6-2011
1050,yes,0,36.0,4.0,0.0920405,306.4683,yes,no,,12,1,11,18/1-2010
1051,yes,0,42.66667,6.2,0.006145161,31.0,yes,no,2.0,132,1,14,7/4-2012
1052,yes,0,22.58333,2.2,0.07661773,140.2992,no,no,0.0,9,1,3,15/1-2011
1053,no,1,28.5,,0.0006,0.0,no,no,3.0,0,1,2,2/1-2012
1054,yes,1,44.91667,,,175.6442,yes,no,2.0,148,1,16,7/11-2012
1055,yes,0,30.58333,1.8,0.01989944,29.51583,no,no,,6,1,10,1/8-2011
1056,yes,0,27.25,3.264,0.02482904,67.20167,no,no,0.0,16,1,5,20/11-2011
1057,yes,0,24.0,2.1,,146.27,yes,no,0.0,24,1,14,6/5-2012
1058,yes,0,23.41667,2.7456,,4.5833330000000005,no,no,0.0,7,1,9,17/9-2012
1059,yes,1,55.33333,,0.05220054,160.4517,yes,no,,300,1,4,11/9-2010
1060,yes,0,35.16667,4.815,0.04295223,171.5125,yes,no,2.0,48,1,18,27/8-2010
1061,yes,0,46.33333,3.05,0.003491803,8.125,yes,no,0.0,96,0,4,11/9-2012
1062,yes,0,39.41667,,0.1922946,384.1725,no,no,1.0,96,1,7,6/4-2012
1063,yes,0,34.91667,5.0,0.4258454,1774.356,yes,no,3.0,36,1,7,1/11-2010
1064,yes,0,19.08333,2.6,,285.255,no,no,0.0,87,1,2,12/10-2012
1065,yes,0,27.58333,4.0,0.01495,49.25,yes,yes,,40,1,13,13/12-2012
1066,yes,0,46.25,6.8,0.007138088,40.19917,yes,yes,0.0,48,1,2,8/5-2012
1067,yes,0,47.16667,,0.01680412,26.5,no,no,,10,0,13,24/4-2011
1068,yes,0,25.41667,,,183.5608,no,no,,48,1,6,13/9-2012
1069,yes,0,51.33333,4.53,0.0121468,45.35417,yes,no,,126,0,5,19/11-2011
1070,yes,0,41.0,6.825,0.1168531999999999,664.6025,no,no,2.0,12,1,0,5/3-2011
1071,yes,1,36.33333,3.85,0.01171896,37.015,no,no,1.0,36,1,8,5/11-2012
1072,yes,0,32.41667,2.75,0.3767844,862.9642,yes,no,2.0,27,1,9,24/3-2011
1073,no,3,41.75,3.5,0.0003428572,0.0,yes,no,2.0,38,1,19,6/10-2012
1074,no,3,32.75,,0.0004,0.0,yes,no,3.0,32,1,7,23/7-2011
1075,yes,0,21.91667,2.3,0.07491956,143.4292,yes,no,2.0,24,1,10,20/8-2012
1076,yes,0,29.25,1.8,0.08336612,124.6325,no,no,0.0,51,1,3,15/2-2011
1077,yes,0,21.08333,2.2,0.3152637,577.9833,no,no,,143,1,6,28/6-2012
1078,yes,0,34.66667,4.8,0.06658583,266.3433,yes,no,3.0,15,1,0,8/9-2010
1079,yes,0,27.91667,2.04,0.01792304,30.0525,yes,no,,38,1,4,3/1-2010
1080,yes,1,36.5,,0.138147,193.3225,yes,no,0.0,44,1,12,1/3-2012
1081,yes,0,24.0,2.7811,0.05255475,121.6333,no,no,0.0,3,1,0,25/5-2011
1082,yes,0,63.75,,,8.333333,no,no,0.0,50,1,14,19/7-2011
1083,yes,0,25.83333,3.5,0.054492,158.6017,no,no,0.0,34,0,2,9/11-2011
1084,no,4,42.41667,1.8,0.0006666667,0.0,no,no,,48,1,10,2/12-2010
1085,yes,0,35.0,,,178.4558,yes,no,2.0,36,1,7,16/1-2010
1086,yes,0,20.66667,2.0,0.100224,167.04,no,no,0.0,14,1,1,14/3-2011
1087,yes,2,41.83333,7.1195,0.09599761,569.5458,yes,no,,96,1,6,7/6-2011
1088,no,2,24.91667,1.85,,0.0,no,no,0.0,14,0,3,20/1-2012
1089,yes,0,32.08333,1.6,0.263585,351.3633,no,no,0.0,6,1,3,14/9-2012
1090,yes,0,34.08333,4.85,0.04899547,198.0233,yes,no,2.0,114,1,12,23/11-2012
1091,yes,0,37.16667,2.825,0.06534584,153.7517,yes,no,,240,1,2,24/6-2012
1092,no,1,27.08333,2.7,0.0004444444,0.0,no,no,1.0,169,0,6,12/5-2012
1093,no,0,56.0,,0.0008275861999999,0.0,yes,no,,242,1,4,17/12-2010
1094,yes,0,26.75,1.8,0.0066111109999999,9.166667,yes,no,0.0,53,1,9,11/6-2010
1095,no,0,33.25,,0.0003243243,0.0,yes,no,,72,1,0,14/10-2010
1096,yes,0,19.16667,1.9,0.2829620999999999,448.0233,no,no,0.0,192,0,1,2/4-2012
1097,yes,0,35.91667,2.62,0.2154031,470.2967,yes,no,1.0,6,0,9,10/12-2011
1098,yes,0,25.16667,3.75,,400.0708,yes,no,0.0,7,1,11,28/12-2010
1099,yes,0,45.75,,0.03987022,149.0967,yes,no,2.0,132,1,9,28/7-2012
1100,no,4,38.5,3.7,0.0003243243,0.0,no,no,2.0,24,1,11,24/7-2010
1101,yes,1,42.0,3.836,0.103933,332.2392,yes,no,3.0,14,1,14,18/8-2010
1102,no,0,25.83333,1.59,0.000754717,0.0,no,no,0.0,87,1,9,24/6-2010
1103,no,2,25.91667,,,0.0,no,no,0.0,20,0,7,12/4-2012
1104,yes,0,31.08333,5.1,0.1696612,721.06,yes,no,3.0,15,1,9,5/1-2011
1105,no,3,40.5,4.0128,0.0002990431,0.0,no,no,1.0,12,1,17,5/1-2012
1106,yes,0,67.16666,,0.002148035,7.0833330000000005,no,no,1.0,36,1,1,22/2-2012
1107,yes,0,33.08333,,0.05705314,166.2383,no,no,0.0,26,1,1,1/10-2010
1108,yes,0,45.75,5.0,0.001525,5.5208330000000005,yes,no,0.0,144,1,14,10/5-2012
1109,yes,1,28.16667,2.5,0.0032,5.8333330000000005,no,no,1.0,24,1,6,27/1-2011
1110,yes,0,30.41667,,0.06344134,78.885,no,no,1.0,24,0,5,18/9-2011
1111,yes,1,47.0,3.8425,0.006584255,20.25,yes,no,2.0,233,1,16,4/12-2012
1112,yes,1,42.75,3.6,,113.9475,yes,no,2.0,60,1,22,9/4-2010
1113,yes,0,44.5,2.95,0.2008407,493.7333,no,no,,180,1,13,13/7-2010
1114,yes,0,37.66667,,0.1676499,332.7042,yes,yes,0.0,168,1,13,19/3-2010
1115,yes,0,28.0,2.16,,42.51667,no,no,,50,0,3,5/7-2011
1116,yes,0,31.75,,,151.0325,no,no,1.0,4,1,0,16/12-2011
1117,yes,0,22.91667,1.56,0.09851731,128.0725,yes,no,0.0,6,0,7,5/12-2012
1118,no,4,57.75,,0.0006,0.0,yes,yes,0.0,36,0,44,3/5-2010
1119,yes,0,23.0,2.9,0.0004137930999999,0.0,no,no,1.0,12,1,0,20/12-2012
1120,yes,0,24.16667,3.7,0.07111514,219.2717,yes,no,1.0,8,1,5,19/10-2011
1121,yes,0,37.16667,,0.0118375,37.71333,no,no,3.0,10,1,0,8/12-2010
1122,no,1,63.41667,2.1375,0.0005614035,0.0,yes,no,0.0,240,1,7,5/6-2010
1123,no,0,23.0,2.4,0.0005,0.0,no,no,0.0,1,1,0,1/11-2012
1124,yes,0,24.33333,2.4,0.1813192,362.6383,no,no,,16,1,0,2/7-2012
1125,yes,0,41.08333,2.0,0.0055,8.333333,yes,no,,9,0,4,13/11-2012
1126,no,0,28.16667,1.548,0.0007751938,0.0,no,no,3.0,5,0,1,14/3-2011
1127,no,1,52.33333,2.0,0.0006,0.0,yes,no,3.0,54,1,7,16/3-2010
1128,yes,0,28.0,,0.2248926,580.9725,yes,no,0.0,15,1,5,4/7-2012
1129,yes,0,28.75,2.5,0.01238,25.29167,yes,no,0.0,27,1,16,22/12-2012
1130,yes,0,39.08333,5.1,0.04952431,210.2283,yes,no,3.0,60,0,22,17/1-2011
1131,yes,0,32.25,2.0,,121.3367,yes,no,1.0,24,1,2,14/7-2010
1132,yes,0,33.25,3.6,0.02599111,77.80666,no,no,3.0,16,1,9,27/7-2012
1133,yes,0,25.0,3.3984,0.0003531073,0.0,yes,no,2.0,29,0,4,23/2-2010
1134,yes,0,42.41667,4.2,0.02501619,87.30666,yes,no,4.0,36,1,14,11/6-2010
1135,no,3,35.25,1.7,0.0007058823,0.0,yes,no,3.0,135,0,25,16/9-2010
1136,no,0,33.08333,1.939,0.0006188757,0.0,no,no,,96,1,5,20/12-2010
1137,yes,0,33.83333,2.9,0.1951082999999999,471.345,yes,no,2.0,147,1,8,1/9-2010
1138,yes,0,48.16667,1.7,0.01221235,16.63417,yes,no,0.0,108,1,18,18/9-2011
1139,no,0,26.75,4.9,0.000244898,0.0,no,no,2.0,6,1,0,1/6-2012
1140,yes,0,40.08333,2.2224,0.3980818,737.0808,yes,no,2.0,10,1,14,21/3-2012
1141,yes,0,32.41667,,0.1070066,544.5208,yes,no,1.0,67,1,1,26/4-2012
1142,no,1,20.91667,,0.0004571429,0.0,no,yes,0.0,20,1,2,10/1-2010
1143,no,2,21.5,1.56,,0.0,yes,no,0.0,1,1,12,27/3-2012
1144,yes,0,27.83333,2.652,,160.875,yes,no,3.0,24,1,3,27/7-2010
1145,yes,0,43.91667,2.8,0.04662429,108.6233,yes,no,0.0,147,1,1,13/2-2010
1146,yes,0,24.25,1.6,,500.6158,yes,no,0.0,48,0,1,16/11-2012
1147,yes,0,29.08333,5.0,0.1619782,674.9092,yes,no,4.0,3,1,0,23/9-2012
1148,yes,1,27.75,2.04,0.2145995,364.8192,no,no,0.0,24,1,10,22/2-2012
1149,yes,0,47.58333,5.04,,216.165,no,no,3.0,47,1,9,14/7-2012
1150,no,0,19.83333,1.92,,0.0,no,no,,6,0,4,7/8-2011
1151,no,0,42.0,,0.0003529412,0.0,yes,no,3.0,5,1,9,5/11-2012
1152,yes,0,42.75,3.2,0.1080344,287.7583,yes,no,0.0,68,1,9,21/4-2012
1153,yes,0,44.58333,3.1,0.1251213,323.0633,yes,no,0.0,75,1,5,15/2-2011
1154,yes,0,35.83333,1.8829,,214.0975,no,no,1.0,3,1,12,4/10-2010
1155,yes,0,21.83333,2.4,0.08191958,163.8392,no,no,0.0,105,0,1,2/1-2010
1156,yes,0,25.91667,,0.061896,154.74,yes,no,0.0,40,1,16,2/2-2011
1157,no,0,40.91667,,0.0006521739,0.0,no,yes,2.0,18,1,0,22/5-2012
1158,yes,0,35.83333,2.5,0.0791488,164.81,yes,no,1.0,42,0,11,28/11-2012
1159,yes,0,31.0,5.112,0.02974648,126.3867,yes,no,2.0,16,1,19,17/2-2011
1160,yes,0,51.66667,2.5,0.0193976,39.91167,yes,no,0.0,138,0,3,1/4-2010
1161,yes,0,34.0,,,321.2108,yes,no,3.0,24,1,4,6/5-2012
1162,no,2,30.58333,2.5,0.0004799999999999,0.0,no,no,,12,1,18,23/1-2011
1163,yes,0,33.33333,2.1,0.1308376,228.9658,no,no,,6,0,0,22/3-2012
1164,yes,1,32.75,6.0,0.08980783,449.0392,no,no,0.0,6,0,17,10/1-2011
1165,yes,0,26.08333,1.56,0.06123782,79.60916999999999,no,no,2.0,13,1,13,17/9-2010
1166,yes,0,31.91667,4.07,0.06885749,233.0417,no,no,,12,1,14,6/12-2012
1167,yes,1,20.58333,2.7,0.118307,266.1908,no,no,0.0,147,1,22,8/7-2011
1168,yes,0,23.41667,2.04,0.1200515,204.0875,yes,no,,7,1,12,28/1-2010
1169,yes,0,60.25,2.8,0.04372321,101.8542,yes,no,3.0,232,1,7,2/1-2012
1170,yes,0,24.83333,6.2,0.1706156,881.2642,no,no,0.0,12,1,7,28/1-2010
1171,yes,0,30.16667,2.19,0.4874438,889.585,no,no,0.0,6,1,0,4/8-2012
1172,yes,0,29.33333,,0.05367281,142.8775,no,no,0.0,36,0,6,18/8-2011
1173,yes,0,48.16667,2.3,,434.125,yes,no,0.0,72,0,2,6/1-2011
1174,yes,0,25.25,1.76,0.1375511,201.6583,no,no,0.0,28,1,12,26/9-2011
1175,no,0,69.75,1.8,0.0006666667,0.0,yes,no,,528,0,5,25/9-2011
1176,yes,0,53.25,3.96,0.002424242,7.0833330000000005,yes,no,,180,0,5,8/12-2011
1177,yes,0,54.08333,2.5,0.009122,18.25417,yes,no,1.0,102,0,13,22/5-2010
1178,yes,0,32.0,2.28,0.06735965,127.9833,yes,no,0.0,48,0,15,23/11-2011
1179,yes,0,33.75,2.5,0.0775176,161.1617,yes,no,1.0,30,1,6,23/9-2010
1180,yes,0,23.16667,2.6,0.8245508,1786.277,no,no,,4,1,0,9/12-2011
1181,yes,0,24.75,2.2,0.1550486,284.2558,yes,no,0.0,36,1,6,21/7-2011
1182,yes,4,40.41667,2.448,0.2090833,426.4467,yes,no,1.0,41,1,12,10/3-2010
1183,no,2,48.25,6.8,0.0001764706,0.0,yes,yes,,56,0,20,9/5-2011
1184,no,0,35.83333,4.5,,0.0,yes,no,6.0,6,0,0,13/10-2012
1185,yes,0,49.66667,,0.1054817,435.9908,yes,no,4.0,168,1,7,4/11-2011
1186,yes,0,34.66667,5.0,0.0140793999999999,58.080830000000006,yes,no,4.0,6,1,0,1/6-2012
1187,yes,0,34.91667,2.1,0.05904476,103.3283,no,no,2.0,49,1,4,2/11-2012
1188,yes,0,47.33333,,0.2309477,2001.547,yes,no,,9,0,0,12/3-2012
1189,no,0,19.5,,,0.0,yes,no,0.0,46,0,3,20/2-2011
1190,no,9,30.33333,,0.0005217391,0.0,no,yes,,15,1,9,21/9-2011
1191,no,0,40.0,4.9875,0.0002406015,0.0,yes,no,2.0,32,1,16,21/10-2012
1192,no,6,35.25,,0.0002130113999999,0.0,yes,no,3.0,18,0,10,15/9-2012
1193,no,0,23.75,,0.0007177034,0.0,no,no,,27,1,0,2/2-2011
1194,yes,0,0.75,,0.1541905999999999,205.2542,no,no,0.0,1,1,9,7/6-2012
1195,yes,0,24.83333,1.51,0.205298,258.1667,yes,no,0.0,30,1,2,9/3-2011
1196,yes,0,38.75,2.8463,0.007026666,15.833329999999998,yes,no,1.0,120,1,16,28/1-2010
1197,yes,0,24.91667,,0.08519435,163.0392,no,no,,26,1,7,13/12-2011
1198,yes,0,25.33333,3.0,0.1900073,475.0183,no,no,0.0,10,0,0,27/3-2012
1199,yes,1,23.25,,0.2345391,429.905,yes,no,,228,0,9,26/6-2010
1200,yes,0,49.83333,0.21,0.2718571,47.24166,yes,no,2.0,42,1,1,21/5-2011
1201,yes,0,37.08333,2.8,,396.5,no,no,,36,1,23,26/3-2011
1202,no,0,20.16667,1.8,0.0006666667,0.0,no,no,0.0,4,0,1,27/10-2012
1203,no,2,24.58333,2.2,0.0005454546,0.0,no,no,0.0,6,1,8,25/12-2010
1204,yes,1,28.5,,0.029469,73.1725,no,no,0.0,51,1,5,15/7-2010
1205,yes,0,45.58333,2.4,0.01216667,23.58333,yes,no,2.0,122,1,11,9/9-2012
1206,no,0,20.58333,1.2,0.001,0.0,no,yes,,24,1,0,21/12-2012
1207,yes,0,54.25,6.8,0.1005738,569.9183,no,no,0.0,24,1,15,24/4-2010
1208,yes,0,24.58333,1.5,0.01972267,24.07,no,no,0.0,28,1,5,23/1-2010
1209,yes,0,31.91667,2.7,0.1151311,258.8783,no,no,0.0,19,1,0,24/3-2012
1210,yes,1,43.75,3.5,0.1329033999999999,387.2183,yes,no,3.0,180,0,19,18/6-2012
1211,no,0,31.91667,,0.0005714286,0.0,no,no,2.0,60,1,2,3/2-2010
1212,yes,0,22.83333,2.5,,839.3008,no,no,,4,1,1,23/8-2011
1213,yes,0,28.08333,5.47,0.02919232,133.0683,yes,no,,18,1,0,25/5-2010
1214,no,0,27.58333,,,0.0,no,no,3.0,6,1,0,14/6-2012
1215,yes,0,22.08333,1.65,0.04985151,68.54583000000001,no,no,0.0,36,1,3,6/11-2011
1216,yes,0,34.16667,9.2,0.08662446,664.1208,yes,no,5.0,81,1,7,8/8-2010
1217,yes,1,54.66667,7.29,0.1065361,647.2067,yes,no,2.0,78,1,9,28/1-2011
1218,yes,0,32.91667,,0.1776717,402.7225,no,no,1.0,6,1,8,4/11-2011
1219,yes,0,40.0,,0.01570033,47.08167,yes,no,3.0,124,1,19,9/1-2012
1220,yes,0,26.0,5.3,,242.145,yes,no,1.0,24,1,20,28/2-2012
1221,yes,0,55.25,4.9,0.06697714,273.49,yes,no,2.0,96,1,17,13/10-2012
1222,yes,0,32.25,3.6208,0.04983705,150.2917,yes,no,3.0,97,1,13,7/11-2011
1223,yes,0,38.91667,2.136,0.05966339,106.2008,no,no,1.0,66,1,14,5/8-2012
1224,yes,0,28.41667,2.5,0.193378,402.7875,yes,no,0.0,18,1,7,7/3-2011
1225,no,0,39.58333,0.49,0.00244898,0.0,yes,no,2.0,100,1,0,27/6-2010
1226,yes,1,55.58333,,0.03501814,125.4817,yes,no,0.0,6,1,31,23/6-2010
1227,yes,0,42.0,,0.04065079,213.0,yes,no,4.0,72,1,20,2/4-2010
1228,yes,0,21.16667,,,201.5825,no,no,0.0,2,1,5,20/6-2010
1229,yes,0,33.08333,2.8,0.03015786,70.285,yes,no,1.0,72,1,20,15/4-2012
1230,yes,0,37.75,5.0,0.0452946,188.7275,yes,no,4.0,36,1,25,15/1-2012
1231,yes,0,28.41667,2.8,0.01421429,32.66667,no,no,0.0,27,1,19,22/5-2012
1232,yes,0,31.08333,2.8,0.08684428,202.47,yes,no,3.0,15,1,17,12/9-2012
1233,yes,0,30.5,,0.03147661,69.4275,no,no,3.0,36,1,9,8/2-2012
1234,no,0,25.25,1.6,0.00075,0.0,no,no,0.0,12,1,0,22/7-2011
1235,no,4,46.91667,2.1,0.0005714286,0.0,no,no,,25,0,3,16/7-2010
1236,no,0,36.16667,2.408,0.0004983389,0.0,no,no,,14,1,0,16/12-2012
1237,no,1,52.75,3.1,0.0003870968,0.0,yes,no,2.0,75,1,9,15/1-2010
1238,yes,0,34.16667,2.616,,84.73167,no,no,,3,1,12,24/7-2011
1239,no,0,53.0,11.0,0.0001090909,0.0,yes,yes,0.0,429,1,0,1/8-2011
1240,yes,0,22.33333,1.8,0.05342556,80.055,no,no,0.0,48,0,1,25/4-2012
1241,yes,0,30.0,2.5,0.0210495999999999,43.43667,yes,no,3.0,50,1,14,27/4-2011
1242,yes,0,25.16667,,0.09530056,142.9508,no,no,,24,0,4,16/10-2011
1243,no,0,21.08333,2.7268,0.0004400762999999,0.0,no,no,1.0,18,1,0,8/7-2012
1244,no,0,22.91667,2.05,0.0005853659,0.0,no,no,0.0,42,0,4,10/12-2010
1245,yes,0,40.66667,5.05,0.02842812,119.3017,yes,no,0.0,128,1,10,25/3-2012
1246,no,2,33.83333,3.8,0.0003157895,0.0,yes,no,0.0,153,1,11,2/11-2010
1247,no,1,35.16667,4.288,0.0002798507,0.0,yes,no,,24,0,13,7/5-2010
1248,yes,0,28.83333,3.6,,130.0267,yes,yes,0.0,56,1,10,22/10-2010
1249,yes,0,30.75,4.3,0.1346951,482.6575,yes,no,4.0,16,1,7,20/10-2011
1250,no,0,41.33333,,0.0002702702999999,0.0,yes,no,2.0,98,1,3,9/5-2011
1251,yes,0,38.5,2.6,0.3961604,858.3475,no,no,0.0,33,1,16,28/4-2012
1252,no,1,33.75,,0.0002926829,0.0,yes,no,,22,1,15,17/8-2011
1253,no,0,29.08333,,0.0004195804,0.0,no,no,0.0,38,1,0,2/7-2011
1254,yes,0,27.08333,2.4,0.01679833,33.01333,no,no,,56,1,1,24/3-2010
1255,yes,0,23.25,1.8,,46.05584,no,no,,4,0,0,3/11-2012
1256,yes,0,33.83333,1.8,0.1132511,169.8767,no,no,0.0,4,1,8,25/12-2010
1257,yes,0,38.16667,5.1,0.02130902,90.06333000000001,no,no,,60,1,7,13/12-2010
1258,yes,0,35.58333,3.5606,,323.5875,no,no,0.0,12,1,0,7/2-2011
1259,yes,0,30.41667,4.15,0.1505325,520.3417,no,no,1.0,16,1,4,2/4-2012
1260,no,0,31.58333,2.0237,0.0005929733,0.0,no,no,0.0,14,1,3,21/9-2011
1261,yes,0,23.0,,0.111475,167.2125,no,no,,6,1,0,1/8-2012
1262,yes,1,25.25,2.9,0.08686655,209.8442,no,no,0.0,276,1,6,18/8-2011
1263,no,6,35.58333,4.0,0.0003,0.0,no,no,0.0,29,0,5,19/7-2010
1264,yes,0,28.66667,2.95,0.09361254,229.7975,no,no,,26,1,4,1/12-2012
1265,no,0,37.0,3.2,0.000375,0.0,no,no,0.0,14,1,0,20/4-2011
1266,yes,0,41.08333,,0.1431333,536.25,yes,no,2.0,6,1,10,21/6-2010
1267,no,6,37.41667,,0.0001714286,0.0,yes,no,4.0,120,1,10,27/5-2012
1268,no,0,19.41667,,0.0005454546,0.0,no,no,0.0,6,1,0,9/6-2011
1269,yes,0,22.33333,2.8,,191.8358,no,no,0.0,4,1,0,21/12-2012
1270,yes,0,29.08333,2.2,0.0005454546,0.0,no,no,0.0,9,1,0,5/10-2010
1271,yes,0,26.75,,0.07547747,362.7542,yes,no,,13,1,11,12/7-2012
1272,yes,0,43.08333,2.4317,0.08052638,163.18,no,no,2.0,18,1,28,27/6-2012
1273,yes,0,37.33333,,,176.2717,yes,no,,14,1,17,23/11-2011
1274,yes,0,26.75,2.15,0.03427907,61.33333,no,no,0.0,10,0,4,11/11-2011
1275,yes,0,42.16667,5.2,0.01342865,57.440830000000005,yes,no,3.0,29,1,9,6/11-2010
1276,yes,0,28.16667,4.7,0.2421564,948.3625,yes,no,0.0,6,1,19,5/12-2012
1277,yes,0,26.08333,2.5,0.0637624,132.5883,yes,no,0.0,14,1,13,10/3-2011
1278,yes,0,48.25,5.0,0.0219424,91.17667,no,no,3.0,7,1,0,4/2-2012
1279,yes,0,27.83333,,,146.4275,yes,no,2.0,17,1,11,28/6-2011
1280,yes,0,26.33333,2.45,0.05493143,111.8183,no,no,0.0,6,1,11,13/10-2011
1281,no,0,21.08333,9.9999,0.0001200012,0.0,no,no,2.0,8,0,0,28/6-2011
1282,yes,0,30.58333,,0.1486019,396.2717,yes,no,,12,0,7,7/2-2010
1283,yes,0,27.83333,3.54,0.006866666,19.59,no,no,,3,1,0,22/6-2011
1284,yes,0,49.16667,,0.0084953759999999,21.465,yes,no,,154,0,6,22/4-2012
1285,no,2,35.0,2.25,0.0005333333,0.0,no,no,1.0,84,1,3,17/4-2010
1286,yes,1,48.66667,6.0,0.1770172,885.0858,yes,no,3.0,114,1,19,7/4-2012
1287,no,11,24.58333,1.68,,0.0,no,no,2.0,2,1,8,3/8-2010
1288,yes,0,29.58333,2.4,0.0152699999999999,29.956670000000003,no,no,1.0,18,1,8,21/3-2011
1289,yes,0,41.41667,3.2,0.01023563,26.87833,no,no,1.0,16,1,2,10/4-2010
1290,yes,0,40.91667,6.0,,394.5717,yes,no,,42,1,5,25/3-2010
1291,yes,0,22.0,,0.6214691,906.3092,no,no,,2,1,0,9/6-2011
1292,no,0,36.0,4.5,0.0002666667,0.0,yes,no,2.0,228,1,0,10/3-2012
1293,yes,0,39.58333,2.5,,400.4475,no,no,,12,1,4,3/9-2011
1294,yes,0,31.58333,2.55,0.1429055,303.6742,no,no,1.0,60,1,7,26/10-2012
1295,yes,0,33.08333,,0.05273589,143.0158,no,no,,37,1,18,16/6-2012
1296,yes,1,22.83333,3.6,0.04884167,146.4417,no,no,0.0,30,1,20,15/6-2011
1297,no,0,35.41667,2.78,0.0004316547,0.0,no,no,0.0,6,1,0,21/3-2011
1298,yes,0,58.08333,,0.02659568,97.18417,yes,yes,1.0,132,1,12,8/8-2010
1299,yes,0,38.75,3.2,0.01478031,38.9975,yes,no,2.0,24,1,19,9/9-2011
1300,no,0,27.41667,,0.00075,0.0,yes,no,1.0,30,0,0,25/9-2011
1301,no,0,23.91667,,,0.0,no,no,1.0,13,1,0,6/1-2010
1302,yes,0,30.08333,2.7,,27.41667,no,no,2.0,1,1,8,25/1-2012
1303,yes,0,34.08333,3.5,0.06167429,179.7167,yes,no,0.0,24,0,10,21/3-2012
1304,yes,1,39.08333,,0.02909975,82.65916,yes,no,0.0,41,1,12,28/1-2010
1305,yes,0,38.41667,,0.02921738,157.8442,yes,no,3.0,60,1,9,5/9-2011
1306,yes,0,20.5,,0.038431,63.55167,no,no,0.0,111,1,6,27/11-2010
1307,yes,0,35.58333,,,154.8592,yes,no,2.0,123,1,7,27/1-2011
1308,yes,0,25.91667,,0.02125,44.02083,no,no,0.0,25,1,10,4/9-2010
1309,yes,1,40.16667,,0.2548275,424.6292,yes,no,1.0,121,1,10,27/2-2012
1310,yes,0,30.58333,2.512,,4.5833330000000005,no,yes,3.0,36,0,4,10/2-2010
1311,no,0,39.33333,2.3004,0.0005216484,0.0,no,yes,0.0,46,1,3,20/9-2012
1312,no,0,22.58333,3.86,0.0003108808,0.0,no,no,,36,0,4,24/10-2010
1313,no,1,30.33333,2.18,0.0005504587,0.0,no,yes,0.0,13,1,1,15/12-2010
1314,yes,0,33.58333,4.566,0.002146299,7.333333,yes,no,,94,1,19,14/5-2012
1315,no,5,23.91667,3.192,0.0003759399,0.0,no,no,3.0,12,1,5,20/10-2012
1316,yes,0,40.58333,4.6,0.02651261,101.2983,yes,no,2.0,1,1,2,14/5-2010
1317,yes,0,32.83333,3.7,0.008998919,26.99667,no,yes,0.0,60,1,7,4/3-2010
1318,yes,0,48.25,,,344.1575,yes,no,2.0,2,1,0,23/2-2010
